name,base,peptides%,time,Rad1,Rad2,Rad3,Rad4,Rad5,Rad6,,,,,,,,,,,,
H4,O=C(NC(CC1=CN=CN1)(C(NC(CC2=CN=CN2)(C(NC(CC3=CN=CN3)(C(N)=O)[H])=O)[H])=O)[H])C(CC4=CN=CN4)NC(C)=O,5,5,135110.94,119445.91,215394.27,,,,,,,,,,,,,,,
H4,O=C(NC(CC1=CN=CN1)(C(NC(CC2=CN=CN2)(C(NC(CC3=CN=CN3)(C(N)=O)[H])=O)[H])=O)[H])C(CC4=CN=CN4)NC(C)=O,10,5,278054.41,127278.43,205603.61,,,,,,,,,,,,,,,
H4,O=C(NC(CC1=CN=CN1)(C(NC(CC2=CN=CN2)(C(NC(CC3=CN=CN3)(C(N)=O)[H])=O)[H])=O)[H])C(CC4=CN=CN4)NC(C)=O,20,5,172315.41,148817.86,123362.16,,,,,,,,,,,,,,,
H4,O=C(NC(CC1=CN=CN1)(C(NC(CC2=CN=CN2)(C(NC(CC3=CN=CN3)(C(N)=O)[H])=O)[H])=O)[H])C(CC4=CN=CN4)NC(C)=O,50,5,78325.188,78325.188,101822.74,,,,,,,,,,,,,,,
H4,O=C(NC(CC1=CN=CN1)(C(NC(CC2=CN=CN2)(C(NC(CC3=CN=CN3)(C(N)=O)[H])=O)[H])=O)[H])C(CC4=CN=CN4)NC(C)=O,100,5,101822.74,90073.961,103780.87,,,,,,,,,,,,,,,
H5,[H]C(CC1=CN=CN1)(C(NC(CC2=CN=CN2)(C(NC(CC3=CN=CN3)(C(NC(CC4=CN=CN4)(C(NC(CC5=CN=CN5)(C(N)=O)[H])=O)[H])=O)[H])=O)[H])=O)NC(C)=O,5,5,8852704,6792751.5,3136923.8,,,,,,,,,,,,,,,
h5,[H]C(CC1=CN=CN1)(C(NC(CC2=CN=CN2)(C(NC(CC3=CN=CN3)(C(NC(CC4=CN=CN4)(C(NC(CC5=CN=CN5)(C(N)=O)[H])=O)[H])=O)[H])=O)[H])=O)NC(C)=O,10,5,5518009.5,7891262.5,4192355.5,,,,,,,,,,,,,,,
h5,[H]C(CC1=CN=CN1)(C(NC(CC2=CN=CN2)(C(NC(CC3=CN=CN3)(C(NC(CC4=CN=CN4)(C(NC(CC5=CN=CN5)(C(N)=O)[H])=O)[H])=O)[H])=O)[H])=O)NC(C)=O,20,5,3597084.2,3722404.5,7084513,,,,,,,,,,,,,,,
h5,[H]C(CC1=CN=CN1)(C(NC(CC2=CN=CN2)(C(NC(CC3=CN=CN3)(C(NC(CC4=CN=CN4)(C(NC(CC5=CN=CN5)(C(N)=O)[H])=O)[H])=O)[H])=O)[H])=O)NC(C)=O,50,5,1801479.2,4593772,3156505,,,,,,,,,,,,,,,
h5,[H]C(CC1=CN=CN1)(C(NC(CC2=CN=CN2)(C(NC(CC3=CN=CN3)(C(NC(CC4=CN=CN4)(C(NC(CC5=CN=CN5)(C(N)=O)[H])=O)[H])=O)[H])=O)[H])=O)NC(C)=O,100,5,1903302,2273388.5,1627205.8,,,,,,,,,,,,,,,
h6,[H]C(CC1=CN=CN1)(C(NC(CC2=CN=CN2)(C(NC(CC3=CN=CN3)(C(NC(CC4=CN=CN4)(C(NC(CC5=CN=CN5)(C(NC(CC6=CN=CN6)(C(N)=O)[H])=O)[H])=O)[H])=O)[H])=O)[H])=O)NC(C)=O,5,5,5895928.5,13203668,8874244,,,,,,,,,,,,,,,
h6,[H]C(CC1=CN=CN1)(C(NC(CC2=CN=CN2)(C(NC(CC3=CN=CN3)(C(NC(CC4=CN=CN4)(C(NC(CC5=CN=CN5)(C(NC(CC6=CN=CN6)(C(N)=O)[H])=O)[H])=O)[H])=O)[H])=O)[H])=O)NC(C)=O,10,5,5858724,12426291,7987211,,,,,,,,,,,,,,,
h6,[H]C(CC1=CN=CN1)(C(NC(CC2=CN=CN2)(C(NC(CC3=CN=CN3)(C(NC(CC4=CN=CN4)(C(NC(CC5=CN=CN5)(C(NC(CC6=CN=CN6)(C(N)=O)[H])=O)[H])=O)[H])=O)[H])=O)[H])=O)NC(C)=O,20,5,383793.41,4699511,3452182.5,,,,,,,,,,,,,,,
h6,[H]C(CC1=CN=CN1)(C(NC(CC2=CN=CN2)(C(NC(CC3=CN=CN3)(C(NC(CC4=CN=CN4)(C(NC(CC5=CN=CN5)(C(NC(CC6=CN=CN6)(C(N)=O)[H])=O)[H])=O)[H])=O)[H])=O)[H])=O)NC(C)=O,50,5,10258641,6160276,3851641,,,,,,,,,,,,,,,
h6,[H]C(CC1=CN=CN1)(C(NC(CC2=CN=CN2)(C(NC(CC3=CN=CN3)(C(NC(CC4=CN=CN4)(C(NC(CC5=CN=CN5)(C(NC(CC6=CN=CN6)(C(N)=O)[H])=O)[H])=O)[H])=O)[H])=O)[H])=O)NC(C)=O,100,5,1114175.8,344630.81,139027.2,,,,,,,,,,,,,,,
h7,[H]C(CC1=CN=CN1)(C(NC(CC2=CN=CN2)(C(NC(CC3=CN=CN3)(C(NC(CC4=CN=CN4)(C(NC(CC5=CN=CN5)(C(NC(CC6=CN=CN6)(C(NC(CC7=CN=CN7)C(N)=O)=O)[H])=O)[H])=O)[H])=O)[H])=O)[H])=O)NC(C)=O,5,5,8183024,5310447.5,9698616,,,,,,,,,,,,,,,
h7,[H]C(CC1=CN=CN1)(C(NC(CC2=CN=CN2)(C(NC(CC3=CN=CN3)(C(NC(CC4=CN=CN4)(C(NC(CC5=CN=CN5)(C(NC(CC6=CN=CN6)(C(NC(CC7=CN=CN7)C(N)=O)=O)[H])=O)[H])=O)[H])=O)[H])=O)[H])=O)NC(C)=O,10,5,7893220.5,9526301,12422374,,,,,,,,,,,,,,,
h7,[H]C(CC1=CN=CN1)(C(NC(CC2=CN=CN2)(C(NC(CC3=CN=CN3)(C(NC(CC4=CN=CN4)(C(NC(CC5=CN=CN5)(C(NC(CC6=CN=CN6)(C(NC(CC7=CN=CN7)C(N)=O)=O)[H])=O)[H])=O)[H])=O)[H])=O)[H])=O)NC(C)=O,20,5,6833872.5,8923197,3732195,,,,,,,,,,,,,,,
h7,[H]C(CC1=CN=CN1)(C(NC(CC2=CN=CN2)(C(NC(CC3=CN=CN3)(C(NC(CC4=CN=CN4)(C(NC(CC5=CN=CN5)(C(NC(CC6=CN=CN6)(C(NC(CC7=CN=CN7)C(N)=O)=O)[H])=O)[H])=O)[H])=O)[H])=O)[H])=O)NC(C)=O,50,5,3066431,236933.69,464076.72,,,,,,,,,,,,,,,
h7,[H]C(CC1=CN=CN1)(C(NC(CC2=CN=CN2)(C(NC(CC3=CN=CN3)(C(NC(CC4=CN=CN4)(C(NC(CC5=CN=CN5)(C(NC(CC6=CN=CN6)(C(NC(CC7=CN=CN7)C(N)=O)=O)[H])=O)[H])=O)[H])=O)[H])=O)[H])=O)NC(C)=O,100,5,540443.75,354421.47,272180.03,,,,,,,,,,,,,,,
h8,[H]C(CC1=CN=CN1)(C(NC(CC2=CN=CN2)(C(NC(CC3=CN=CN3)(C(NC(CC4=CN=CN4)(C(NC(CC5=CN=CN5)(C(NC(CC6=CN=CN6)(C(NC(CC7=CN=CN7)C(NC(CC8=CN=CN8)C(N)=O)=O)=O)[H])=O)[H])=O)[H])=O)[H])=O)[H])=O)NC(C)=O,5,5,2749214,2692428.2,3029226.5,,,,,,,,,,,,,,,
h8,[H]C(CC1=CN=CN1)(C(NC(CC2=CN=CN2)(C(NC(CC3=CN=CN3)(C(NC(CC4=CN=CN4)(C(NC(CC5=CN=CN5)(C(NC(CC6=CN=CN6)(C(NC(CC7=CN=CN7)C(NC(CC8=CN=CN8)C(N)=O)=O)=O)[H])=O)[H])=O)[H])=O)[H])=O)[H])=O)NC(C)=O,10,5,7899095,13536550,12236352,,,,,,,,,,,,,,,
h8,[H]C(CC1=CN=CN1)(C(NC(CC2=CN=CN2)(C(NC(CC3=CN=CN3)(C(NC(CC4=CN=CN4)(C(NC(CC5=CN=CN5)(C(NC(CC6=CN=CN6)(C(NC(CC7=CN=CN7)C(NC(CC8=CN=CN8)C(N)=O)=O)=O)[H])=O)[H])=O)[H])=O)[H])=O)[H])=O)NC(C)=O,20,5,10194023,4875743,6379586.5,,,,,,,,,,,,,,,
h8,[H]C(CC1=CN=CN1)(C(NC(CC2=CN=CN2)(C(NC(CC3=CN=CN3)(C(NC(CC4=CN=CN4)(C(NC(CC5=CN=CN5)(C(NC(CC6=CN=CN6)(C(NC(CC7=CN=CN7)C(NC(CC8=CN=CN8)C(N)=O)=O)=O)[H])=O)[H])=O)[H])=O)[H])=O)[H])=O)NC(C)=O,50,5,4262848,7904969.5,6105448,,,,,,,,,,,,,,,
h8,[H]C(CC1=CN=CN1)(C(NC(CC2=CN=CN2)(C(NC(CC3=CN=CN3)(C(NC(CC4=CN=CN4)(C(NC(CC5=CN=CN5)(C(NC(CC6=CN=CN6)(C(NC(CC7=CN=CN7)C(NC(CC8=CN=CN8)C(N)=O)=O)=O)[H])=O)[H])=O)[H])=O)[H])=O)[H])=O)NC(C)=O,100,5,3117342.5,1349151.4,1633080.1,,,,,,,,,,,,,,,
FH8,CC(NC(CC1=CN=CN1)C(NC(CC2=CN=CN2)C(NCCCCC(C(NC(C(NC(C(NC(C(NC(C(N)=O)([H])CC3=CN=CN3)=O)([H])CC4=CN=CN4)=O)([H])CCCCNC(C(NC(C(NC(C)=O)CC5=CN=CN5)=O)CC6=CN=CN6)=O)=O)([H])CC7=CN=CN7)=O)([H])NC(C(CC8=CN=CN8)([H])NC(C)=O)=O)=O)=O)=O,5,5,9614417,1167045.2,1521466.8,,,,,,,,,,,,,,,
FH8,CC(NC(CC1=CN=CN1)C(NC(CC2=CN=CN2)C(NCCCCC(C(NC(C(NC(C(NC(C(NC(C(N)=O)([H])CC3=CN=CN3)=O)([H])CC4=CN=CN4)=O)([H])CCCCNC(C(NC(C(NC(C)=O)CC5=CN=CN5)=O)CC6=CN=CN6)=O)=O)([H])CC7=CN=CN7)=O)([H])NC(C(CC8=CN=CN8)([H])NC(C)=O)=O)=O)=O)=O,10,5,5972295.5,977106.69,397500.31,,,,,,,,,,,,,,,
FH8,CC(NC(CC1=CN=CN1)C(NC(CC2=CN=CN2)C(NCCCCC(C(NC(C(NC(C(NC(C(NC(C(N)=O)([H])CC3=CN=CN3)=O)([H])CC4=CN=CN4)=O)([H])CCCCNC(C(NC(C(NC(C)=O)CC5=CN=CN5)=O)CC6=CN=CN6)=O)=O)([H])CC7=CN=CN7)=O)([H])NC(C(CC8=CN=CN8)([H])NC(C)=O)=O)=O)=O)=O,20,5,7086471,6101532,4196272,,,,,,,,,,,,,,,
FH8,CC(NC(CC1=CN=CN1)C(NC(CC2=CN=CN2)C(NCCCCC(C(NC(C(NC(C(NC(C(NC(C(N)=O)([H])CC3=CN=CN3)=O)([H])CC4=CN=CN4)=O)([H])CCCCNC(C(NC(C(NC(C)=O)CC5=CN=CN5)=O)CC6=CN=CN6)=O)=O)([H])CC7=CN=CN7)=O)([H])NC(C(CC8=CN=CN8)([H])NC(C)=O)=O)=O)=O)=O,50,5,3319029.8,1454890.4,1823018.8,,,,,,,,,,,,,,,
FH8,CC(NC(CC1=CN=CN1)C(NC(CC2=CN=CN2)C(NCCCCC(C(NC(C(NC(C(NC(C(NC(C(N)=O)([H])CC3=CN=CN3)=O)([H])CC4=CN=CN4)=O)([H])CCCCNC(C(NC(C(NC(C)=O)CC5=CN=CN5)=O)CC6=CN=CN6)=O)=O)([H])CC7=CN=CN7)=O)([H])NC(C(CC8=CN=CN8)([H])NC(C)=O)=O)=O)=O)=O,100,5,583522.62,156650.38,234975.56,,,,,,,,,,,,,,,
F2H8,[H]C(CC1=CN=CN1)(C(NC(CC2=CN=CN2)(C(NC(CCCCNC(C(CC3=CN=CN3)NC(C(CC4=CN=CN4)NC(C)=O)=O)=O)(C(NC(CCCCNC(C(CC5=CN=CN5)NC(C(CC6=CN=CN6)NC(C)=O)=O)=O)(C(NC(CC7=CN=CN7)(C(NC(CC8=CN=CN8)(C(N)=O)[H])=O)[H])=O)[H])=O)[H])=O)[H])=O)NC(C)=O,5,5,18784338,2506406,13234998,,,,,,,,,,,,,,,
F2H8,[H]C(CC1=CN=CN1)(C(NC(CC2=CN=CN2)(C(NC(CCCCNC(C(CC3=CN=CN3)NC(C(CC4=CN=CN4)NC(C)=O)=O)=O)(C(NC(CCCCNC(C(CC5=CN=CN5)NC(C(CC6=CN=CN6)NC(C)=O)=O)=O)(C(NC(CC7=CN=CN7)(C(NC(CC8=CN=CN8)(C(N)=O)[H])=O)[H])=O)[H])=O)[H])=O)[H])=O)NC(C)=O,10,5,24182902,12498741,14090701,,,,,,,,,,,,,,,
F2H8,[H]C(CC1=CN=CN1)(C(NC(CC2=CN=CN2)(C(NC(CCCCNC(C(CC3=CN=CN3)NC(C(CC4=CN=CN4)NC(C)=O)=O)=O)(C(NC(CCCCNC(C(CC5=CN=CN5)NC(C(CC6=CN=CN6)NC(C)=O)=O)=O)(C(NC(CC7=CN=CN7)(C(NC(CC8=CN=CN8)(C(N)=O)[H])=O)[H])=O)[H])=O)[H])=O)[H])=O)NC(C)=O,20,5,6812333,6951360,767586.81,,,,,,,,,,,,,,,
F2H8,[H]C(CC1=CN=CN1)(C(NC(CC2=CN=CN2)(C(NC(CCCCNC(C(CC3=CN=CN3)NC(C(CC4=CN=CN4)NC(C)=O)=O)=O)(C(NC(CCCCNC(C(CC5=CN=CN5)NC(C(CC6=CN=CN6)NC(C)=O)=O)=O)(C(NC(CC7=CN=CN7)(C(NC(CC8=CN=CN8)(C(N)=O)[H])=O)[H])=O)[H])=O)[H])=O)[H])=O)NC(C)=O,50,5,99864.609,227143.03,2898031.8,,,,,,,,,,,,,,,
F2H8,[H]C(CC1=CN=CN1)(C(NC(CC2=CN=CN2)(C(NC(CCCCNC(C(CC3=CN=CN3)NC(C(CC4=CN=CN4)NC(C)=O)=O)=O)(C(NC(CCCCNC(C(CC5=CN=CN5)NC(C(CC6=CN=CN6)NC(C)=O)=O)=O)(C(NC(CC7=CN=CN7)(C(NC(CC8=CN=CN8)(C(N)=O)[H])=O)[H])=O)[H])=O)[H])=O)[H])=O)NC(C)=O,100,5,683387.25,150775.98,1554754.9,,,,,,,,,,,,,,,
F3H8,[H]C(CC1=CN=CN1)(C(NC(CC2=CN=CN2)(C(NC(CCCCNC(C(CC3=CN=CN3)NC(C(NC(C(CC4=CN=CN4)NC(C(NC(C)=O)CC5=CN=CN5)=O)=O)CC6=CN=CN6)=O)=O)(C(NC(CC7=CN=CN7)(C(NC(CC8=CN=CN8)(C(N)=O)[H])=O)[H])=O)[H])=O)[H])=O)NC(C)=O,5,5,213436.12,17623166,8439539,,,,,,,,,,,,,,,
F3H8,[H]C(CC1=CN=CN1)(C(NC(CC2=CN=CN2)(C(NC(CCCCNC(C(CC3=CN=CN3)NC(C(NC(C(CC4=CN=CN4)NC(C(NC(C)=O)CC5=CN=CN5)=O)=O)CC6=CN=CN6)=O)=O)(C(NC(CC7=CN=CN7)(C(NC(CC8=CN=CN8)(C(N)=O)[H])=O)[H])=O)[H])=O)[H])=O)NC(C)=O,10,5,32420752,3730237,38880624,,,,,,,,,,,,,,,
F3H8,[H]C(CC1=CN=CN1)(C(NC(CC2=CN=CN2)(C(NC(CCCCNC(C(CC3=CN=CN3)NC(C(NC(C(CC4=CN=CN4)NC(C(NC(C)=O)CC5=CN=CN5)=O)=O)CC6=CN=CN6)=O)=O)(C(NC(CC7=CN=CN7)(C(NC(CC8=CN=CN8)(C(N)=O)[H])=O)[H])=O)[H])=O)[H])=O)NC(C)=O,20,5,13236956,3150630.5,2316467.2,,,,,,,,,,,,,,,
F3H8,[H]C(CC1=CN=CN1)(C(NC(CC2=CN=CN2)(C(NC(CCCCNC(C(CC3=CN=CN3)NC(C(NC(C(CC4=CN=CN4)NC(C(NC(C)=O)CC5=CN=CN5)=O)=O)CC6=CN=CN6)=O)=O)(C(NC(CC7=CN=CN7)(C(NC(CC8=CN=CN8)(C(N)=O)[H])=O)[H])=O)[H])=O)[H])=O)NC(C)=O,50,5,6027123,6841705,7139340.5,,,,,,,,,,,,,,,
F3H8,[H]C(CC1=CN=CN1)(C(NC(CC2=CN=CN2)(C(NC(CCCCNC(C(CC3=CN=CN3)NC(C(NC(C(CC4=CN=CN4)NC(C(NC(C)=O)CC5=CN=CN5)=O)=O)CC6=CN=CN6)=O)=O)(C(NC(CC7=CN=CN7)(C(NC(CC8=CN=CN8)(C(N)=O)[H])=O)[H])=O)[H])=O)[H])=O)NC(C)=O,100,5,1029976.2,2911738.8,1045641.2,,,,,,,,,,,,,,,
H9,[H]C(CC1=CN=CN1)(C(NC(CC2=CN=CN2)(C(NC(CC3=CN=CN3)(C(NC(CC4=CN=CN4)(C(NC(CC5=CN=CN5)(C(NC(CC6=CN=CN6)(C(NC(CC7=CN=CN7)C(NC(CC8=CN=CN8)C(NC(CC9=CN=CN9)C(N)=O)=O)=O)=O)[H])=O)[H])=O)[H])=O)[H])=O)[H])=O)NC(C)=O,5,5,5237997,7421311.5,7188294,,,,,,,,,,,,,,,
H9,[H]C(CC1=CN=CN1)(C(NC(CC2=CN=CN2)(C(NC(CC3=CN=CN3)(C(NC(CC4=CN=CN4)(C(NC(CC5=CN=CN5)(C(NC(CC6=CN=CN6)(C(NC(CC7=CN=CN7)C(NC(CC8=CN=CN8)C(NC(CC9=CN=CN9)C(N)=O)=O)=O)=O)[H])=O)[H])=O)[H])=O)[H])=O)[H])=O)NC(C)=O,10,5,23615044,10589565,15747279,,,,,,,,,,,,,,,
H9,[H]C(CC1=CN=CN1)(C(NC(CC2=CN=CN2)(C(NC(CC3=CN=CN3)(C(NC(CC4=CN=CN4)(C(NC(CC5=CN=CN5)(C(NC(CC6=CN=CN6)(C(NC(CC7=CN=CN7)C(NC(CC8=CN=CN8)C(NC(CC9=CN=CN9)C(N)=O)=O)=O)=O)[H])=O)[H])=O)[H])=O)[H])=O)[H])=O)NC(C)=O,20,5,14404002,14983608,9829811,,,,,,,,,,,,,,,
H9,[H]C(CC1=CN=CN1)(C(NC(CC2=CN=CN2)(C(NC(CC3=CN=CN3)(C(NC(CC4=CN=CN4)(C(NC(CC5=CN=CN5)(C(NC(CC6=CN=CN6)(C(NC(CC7=CN=CN7)C(NC(CC8=CN=CN8)C(NC(CC9=CN=CN9)C(N)=O)=O)=O)=O)[H])=O)[H])=O)[H])=O)[H])=O)[H])=O)NC(C)=O,50,5,763670.56,6463786,5502344.5,,,,,,,,,,,,,,,
H9,[H]C(CC1=CN=CN1)(C(NC(CC2=CN=CN2)(C(NC(CC3=CN=CN3)(C(NC(CC4=CN=CN4)(C(NC(CC5=CN=CN5)(C(NC(CC6=CN=CN6)(C(NC(CC7=CN=CN7)C(NC(CC8=CN=CN8)C(NC(CC9=CN=CN9)C(N)=O)=O)=O)=O)[H])=O)[H])=O)[H])=O)[H])=O)[H])=O)NC(C)=O,100,5,2760962.8,597229.56,1965962.1,,,,,,,,,,,,,,,
H10,[H]C(CC1=CN=CN1)(C(NC(CC2=CN=CN2)(C(NC(CC3=CN=CN3)(C(NC(CC4=CN=CN4)(C(NC(CC5=CN=CN5)(C(NC(CC6=CN=CN6)(C(NC(CC7=CN=CN7)C(NC(CC8=CN=CN8)C(NC(CC9=CN=CN9)C(NC(CC%10=CN=CN%10)C(N)=O)=O)=O)=O)=O)[H])=O)[H])=O)[H])=O)[H])=O)[H])=O)NC(C)=O,5,5,26618814,52444588,30521366,,,,,,,,,,,,,,,
H10,[H]C(CC1=CN=CN1)(C(NC(CC2=CN=CN2)(C(NC(CC3=CN=CN3)(C(NC(CC4=CN=CN4)(C(NC(CC5=CN=CN5)(C(NC(CC6=CN=CN6)(C(NC(CC7=CN=CN7)C(NC(CC8=CN=CN8)C(NC(CC9=CN=CN9)C(NC(CC%10=CN=CN%10)C(N)=O)=O)=O)=O)=O)[H])=O)[H])=O)[H])=O)[H])=O)[H])=O)NC(C)=O,10,5,25686744,13761735,25036646,,,,,,,,,,,,,,,
H10,[H]C(CC1=CN=CN1)(C(NC(CC2=CN=CN2)(C(NC(CC3=CN=CN3)(C(NC(CC4=CN=CN4)(C(NC(CC5=CN=CN5)(C(NC(CC6=CN=CN6)(C(NC(CC7=CN=CN7)C(NC(CC8=CN=CN8)C(NC(CC9=CN=CN9)C(NC(CC%10=CN=CN%10)C(N)=O)=O)=O)=O)=O)[H])=O)[H])=O)[H])=O)[H])=O)[H])=O)NC(C)=O,20,5,19379610,10372213,10413333,,,,,,,,,,,,,,,
H10,[H]C(CC1=CN=CN1)(C(NC(CC2=CN=CN2)(C(NC(CC3=CN=CN3)(C(NC(CC4=CN=CN4)(C(NC(CC5=CN=CN5)(C(NC(CC6=CN=CN6)(C(NC(CC7=CN=CN7)C(NC(CC8=CN=CN8)C(NC(CC9=CN=CN9)C(NC(CC%10=CN=CN%10)C(N)=O)=O)=O)=O)=O)[H])=O)[H])=O)[H])=O)[H])=O)[H])=O)NC(C)=O,50,5,10380045,10115698,16532489,,,,,,,,,,,,,,,
H10,[H]C(CC1=CN=CN1)(C(NC(CC2=CN=CN2)(C(NC(CC3=CN=CN3)(C(NC(CC4=CN=CN4)(C(NC(CC5=CN=CN5)(C(NC(CC6=CN=CN6)(C(NC(CC7=CN=CN7)C(NC(CC8=CN=CN8)C(NC(CC9=CN=CN9)C(NC(CC%10=CN=CN%10)C(N)=O)=O)=O)=O)=O)[H])=O)[H])=O)[H])=O)[H])=O)[H])=O)NC(C)=O,100,5,4137528,1329570,2441787.8,,,,,,,,,,,,,,,
F1H10,[H]C(CC1=CN=CN1)(C(NC(CC2=CN=CN2)(C(NC(CC3=CN=CN3)(C(NC(CC4=CN=CN4)(C(NC(CCCCNC(C(CC5=CN=CN5)NC(C)=O)=O)(C(NC(CCCCNC(C(CC6=CN=CN6)NC(C)=O)=O)(C(N[C@@](CC7=CN=CN7)(C(NC(CC8=CN=CN8)(C(N[C@@](CC9=CN=CN9)(C(NC(CC%10=CN=CN%10)(C(N)=O)[H])=O)[H])=O)[H])=O)[H])=O)[H])=O)[H])=O)[H])=O)[H])=O)[H])=O)NC(C)=O,5,5,26291806,31682538,6344340,,,,,,,,,,,,,,,
F1H10,[H]C(CC1=CN=CN1)(C(NC(CC2=CN=CN2)(C(NC(CC3=CN=CN3)(C(NC(CC4=CN=CN4)(C(NC(CCCCNC(C(CC5=CN=CN5)NC(C)=O)=O)(C(NC(CCCCNC(C(CC6=CN=CN6)NC(C)=O)=O)(C(N[C@@](CC7=CN=CN7)(C(NC(CC8=CN=CN8)(C(N[C@@](CC9=CN=CN9)(C(NC(CC%10=CN=CN%10)(C(N)=O)[H])=O)[H])=O)[H])=O)[H])=O)[H])=O)[H])=O)[H])=O)[H])=O)[H])=O)NC(C)=O,10,5,45187756,55530600,79455024,,,,,,,,,,,,,,,
F1H10,[H]C(CC1=CN=CN1)(C(NC(CC2=CN=CN2)(C(NC(CC3=CN=CN3)(C(NC(CC4=CN=CN4)(C(NC(CCCCNC(C(CC5=CN=CN5)NC(C)=O)=O)(C(NC(CCCCNC(C(CC6=CN=CN6)NC(C)=O)=O)(C(N[C@@](CC7=CN=CN7)(C(NC(CC8=CN=CN8)(C(N[C@@](CC9=CN=CN9)(C(NC(CC%10=CN=CN%10)(C(N)=O)[H])=O)[H])=O)[H])=O)[H])=O)[H])=O)[H])=O)[H])=O)[H])=O)[H])=O)NC(C)=O,20,5,15524052,22340302,13724531,,,,,,,,,,,,,,,
F1H10,[H]C(CC1=CN=CN1)(C(NC(CC2=CN=CN2)(C(NC(CC3=CN=CN3)(C(NC(CC4=CN=CN4)(C(NC(CCCCNC(C(CC5=CN=CN5)NC(C)=O)=O)(C(NC(CCCCNC(C(CC6=CN=CN6)NC(C)=O)=O)(C(N[C@@](CC7=CN=CN7)(C(NC(CC8=CN=CN8)(C(N[C@@](CC9=CN=CN9)(C(NC(CC%10=CN=CN%10)(C(N)=O)[H])=O)[H])=O)[H])=O)[H])=O)[H])=O)[H])=O)[H])=O)[H])=O)[H])=O)NC(C)=O,50,5,1680075.2,722549.81,1094594.5,,,,,,,,,,,,,,,
F1H10,[H]C(CC1=CN=CN1)(C(NC(CC2=CN=CN2)(C(NC(CC3=CN=CN3)(C(NC(CC4=CN=CN4)(C(NC(CCCCNC(C(CC5=CN=CN5)NC(C)=O)=O)(C(NC(CCCCNC(C(CC6=CN=CN6)NC(C)=O)=O)(C(N[C@@](CC7=CN=CN7)(C(NC(CC8=CN=CN8)(C(N[C@@](CC9=CN=CN9)(C(NC(CC%10=CN=CN%10)(C(N)=O)[H])=O)[H])=O)[H])=O)[H])=O)[H])=O)[H])=O)[H])=O)[H])=O)[H])=O)NC(C)=O,100,5,730382.38,395542.19,685345.38,,,,,,,,,,,,,,,
F2H10,[H]C(CC1=CN=CN1)(C(NC(CC2=CN=CN2)(C(NC(CC3=CN=CN3)(C(NC(CCCCNC(C(CC4=CN=CN4)NC(C(CC5=CN=CN5)NC(C)=O)=O)=O)(C(NC(CCCCNC(C(CC6=CN=CN6)NC(C(CC7=CN=CN7)NC(C)=O)=O)=O)(C(NC(CC8=CN=CN8)(C(NC(CC9=CN=CN9)(C(NC(CC%10=CN=CN%10)(C(N)=O)[H])=O)[H])=O)[H])=O)[H])=O)[H])=O)[H])=O)[H])=O)NC(C)=O,5,5,59860024,33321492,67128600,,,,,,,,,,,,,,,
F2H10,[H]C(CC1=CN=CN1)(C(NC(CC2=CN=CN2)(C(NC(CC3=CN=CN3)(C(NC(CCCCNC(C(CC4=CN=CN4)NC(C(CC5=CN=CN5)NC(C)=O)=O)=O)(C(NC(CCCCNC(C(CC6=CN=CN6)NC(C(CC7=CN=CN7)NC(C)=O)=O)=O)(C(NC(CC8=CN=CN8)(C(NC(CC9=CN=CN9)(C(NC(CC%10=CN=CN%10)(C(N)=O)[H])=O)[H])=O)[H])=O)[H])=O)[H])=O)[H])=O)[H])=O)NC(C)=O,10,5,36458416,35563552,90853296,,,,,,,,,,,,,,,
F2H10,[H]C(CC1=CN=CN1)(C(NC(CC2=CN=CN2)(C(NC(CC3=CN=CN3)(C(NC(CCCCNC(C(CC4=CN=CN4)NC(C(CC5=CN=CN5)NC(C)=O)=O)=O)(C(NC(CCCCNC(C(CC6=CN=CN6)NC(C(CC7=CN=CN7)NC(C)=O)=O)=O)(C(NC(CC8=CN=CN8)(C(NC(CC9=CN=CN9)(C(NC(CC%10=CN=CN%10)(C(N)=O)[H])=O)[H])=O)[H])=O)[H])=O)[H])=O)[H])=O)[H])=O)NC(C)=O,20,5,18384880,29473768,54526076,,,,,,,,,,,,,,,
F2H10,[H]C(CC1=CN=CN1)(C(NC(CC2=CN=CN2)(C(NC(CC3=CN=CN3)(C(NC(CCCCNC(C(CC4=CN=CN4)NC(C(CC5=CN=CN5)NC(C)=O)=O)=O)(C(NC(CCCCNC(C(CC6=CN=CN6)NC(C(CC7=CN=CN7)NC(C)=O)=O)=O)(C(NC(CC8=CN=CN8)(C(NC(CC9=CN=CN9)(C(NC(CC%10=CN=CN%10)(C(N)=O)[H])=O)[H])=O)[H])=O)[H])=O)[H])=O)[H])=O)[H])=O)NC(C)=O,50,5,2680679.5,6074118,6054537,,,,,,,,,,,,,,,
F2H10,[H]C(CC1=CN=CN1)(C(NC(CC2=CN=CN2)(C(NC(CC3=CN=CN3)(C(NC(CCCCNC(C(CC4=CN=CN4)NC(C(CC5=CN=CN5)NC(C)=O)=O)=O)(C(NC(CCCCNC(C(CC6=CN=CN6)NC(C(CC7=CN=CN7)NC(C)=O)=O)=O)(C(NC(CC8=CN=CN8)(C(NC(CC9=CN=CN9)(C(NC(CC%10=CN=CN%10)(C(N)=O)[H])=O)[H])=O)[H])=O)[H])=O)[H])=O)[H])=O)[H])=O)NC(C)=O,100,5,2287095.5,2206812,3452182.5,,,,,,,,,,,,,,,
F3H10,[H]C(CC1=CN=CN1)(C(NC(CCCCNC(C(CC2=CN=CN2)NC(C(CC3=NC=CN3)NC(C)=O)=O)=O)(C(NC(CC4=CN=CN4)(C(NC(CC5=CN=CN5)(C(NC(CC6=CN=CN6)(C(NC(CC7=CN=CN7)(C(NC(CCCCNC(C(CC8=CN=CN8)NC(C(CC9=CN=CN9)NC(C)=O)=O)=O)(C(NC(CC%10=CN=CN%10)(C(N)=O)[H])=O)[H])=O)[H])=O)[H])=O)[H])=O)[H])=O)[H])=O)NC(C)=O,5,5,54972532,58315060,27456894,,,,,,,,,,,,,,,
F3H10,[H]C(CC1=CN=CN1)(C(NC(CCCCNC(C(CC2=CN=CN2)NC(C(CC3=NC=CN3)NC(C)=O)=O)=O)(C(NC(CC4=CN=CN4)(C(NC(CC5=CN=CN5)(C(NC(CC6=CN=CN6)(C(NC(CC7=CN=CN7)(C(NC(CCCCNC(C(CC8=CN=CN8)NC(C(CC9=CN=CN9)NC(C)=O)=O)=O)(C(NC(CC%10=CN=CN%10)(C(N)=O)[H])=O)[H])=O)[H])=O)[H])=O)[H])=O)[H])=O)[H])=O)NC(C)=O,10,5,25483100,30208066,42033212,,,,,,,,,,,,,,,
F3H10,[H]C(CC1=CN=CN1)(C(NC(CCCCNC(C(CC2=CN=CN2)NC(C(CC3=NC=CN3)NC(C)=O)=O)=O)(C(NC(CC4=CN=CN4)(C(NC(CC5=CN=CN5)(C(NC(CC6=CN=CN6)(C(NC(CC7=CN=CN7)(C(NC(CCCCNC(C(CC8=CN=CN8)NC(C(CC9=CN=CN9)NC(C)=O)=O)=O)(C(NC(CC%10=CN=CN%10)(C(N)=O)[H])=O)[H])=O)[H])=O)[H])=O)[H])=O)[H])=O)[H])=O)NC(C)=O,20,5,23601336,11887805,27456894,,,,,,,,,,,,,,,
F3H10,[H]C(CC1=CN=CN1)(C(NC(CCCCNC(C(CC2=CN=CN2)NC(C(CC3=NC=CN3)NC(C)=O)=O)=O)(C(NC(CC4=CN=CN4)(C(NC(CC5=CN=CN5)(C(NC(CC6=CN=CN6)(C(NC(CC7=CN=CN7)(C(NC(CCCCNC(C(CC8=CN=CN8)NC(C(CC9=CN=CN9)NC(C)=O)=O)=O)(C(NC(CC%10=CN=CN%10)(C(N)=O)[H])=O)[H])=O)[H])=O)[H])=O)[H])=O)[H])=O)[H])=O)NC(C)=O,50,5,291761.31,229101.17,340714.56,,,,,,,,,,,,,,,
F3H10,[H]C(CC1=CN=CN1)(C(NC(CCCCNC(C(CC2=CN=CN2)NC(C(CC3=NC=CN3)NC(C)=O)=O)=O)(C(NC(CC4=CN=CN4)(C(NC(CC5=CN=CN5)(C(NC(CC6=CN=CN6)(C(NC(CC7=CN=CN7)(C(NC(CCCCNC(C(CC8=CN=CN8)NC(C(CC9=CN=CN9)NC(C)=O)=O)=O)(C(NC(CC%10=CN=CN%10)(C(N)=O)[H])=O)[H])=O)[H])=O)[H])=O)[H])=O)[H])=O)[H])=O)NC(C)=O,100,5,66576.406,315258.88,72450.797,,,,,,,,,,,,,,,
F4H10,[H][C@](CC1=CN=CN1)(C(N[C@@](CC2=CN=CN2)(C(N[C@@](CC3=CN=CN3)(C(N[C@@](CCCCNC(C(CC4=CN=CN4)NC(C(CC5=CN=CN5)NC(C(CC6=CN=CN6)NC(C(CC7=CN=CN7)NC(C)=O)=O)=O)=O)=O)(C(N[C@@](CC8=CN=CN8)(C(N[C@@](CC9=CN=CN9)(C(N[C@@](CC%10=CN=CN%10)(C(N[C@@](CC%11=CN=CN%11)(C(N)=O)[H])=O)[H])=O)[H])=O)[H])=O)[H])=O)[H])=O)[H])=O)NC(C)=O,5,5,975148.56,1640912.6,25849270,,,,,,,,,,,,,,,
F4H10,[H][C@](CC1=CN=CN1)(C(N[C@@](CC2=CN=CN2)(C(N[C@@](CC3=CN=CN3)(C(N[C@@](CCCCNC(C(CC4=CN=CN4)NC(C(CC5=CN=CN5)NC(C(CC6=CN=CN6)NC(C(CC7=CN=CN7)NC(C)=O)=O)=O)=O)=O)(C(N[C@@](CC8=CN=CN8)(C(N[C@@](CC9=CN=CN9)(C(N[C@@](CC%10=CN=CN%10)(C(N[C@@](CC%11=CN=CN%11)(C(N)=O)[H])=O)[H])=O)[H])=O)[H])=O)[H])=O)[H])=O)[H])=O)NC(C)=O,10,5,4903156.5,283928.81,405332.84,,,,,,,,,,,,,,,
F4H10,[H][C@](CC1=CN=CN1)(C(N[C@@](CC2=CN=CN2)(C(N[C@@](CC3=CN=CN3)(C(N[C@@](CCCCNC(C(CC4=CN=CN4)NC(C(CC5=CN=CN5)NC(C(CC6=CN=CN6)NC(C(CC7=CN=CN7)NC(C)=O)=O)=O)=O)=O)(C(N[C@@](CC8=CN=CN8)(C(N[C@@](CC9=CN=CN9)(C(N[C@@](CC%10=CN=CN%10)(C(N[C@@](CC%11=CN=CN%11)(C(N)=O)[H])=O)[H])=O)[H])=O)[H])=O)[H])=O)[H])=O)[H])=O)NC(C)=O,20,5,1262993.6,581564.5,3295532.2,,,,,,,,,,,,,,,
F4H10,[H][C@](CC1=CN=CN1)(C(N[C@@](CC2=CN=CN2)(C(N[C@@](CC3=CN=CN3)(C(N[C@@](CCCCNC(C(CC4=CN=CN4)NC(C(CC5=CN=CN5)NC(C(CC6=CN=CN6)NC(C(CC7=CN=CN7)NC(C)=O)=O)=O)=O)=O)(C(N[C@@](CC8=CN=CN8)(C(N[C@@](CC9=CN=CN9)(C(N[C@@](CC%10=CN=CN%10)(C(N[C@@](CC%11=CN=CN%11)(C(N)=O)[H])=O)[H])=O)[H])=O)[H])=O)[H])=O)[H])=O)[H])=O)NC(C)=O,50,5,526736.88,170357.28,742131.12,,,,,,,,,,,,,,,
F4H10,[H][C@](CC1=CN=CN1)(C(N[C@@](CC2=CN=CN2)(C(N[C@@](CC3=CN=CN3)(C(N[C@@](CCCCNC(C(CC4=CN=CN4)NC(C(CC5=CN=CN5)NC(C(CC6=CN=CN6)NC(C(CC7=CN=CN7)NC(C)=O)=O)=O)=O)=O)(C(N[C@@](CC8=CN=CN8)(C(N[C@@](CC9=CN=CN9)(C(N[C@@](CC%10=CN=CN%10)(C(N[C@@](CC%11=CN=CN%11)(C(N)=O)[H])=O)[H])=O)[H])=O)[H])=O)[H])=O)[H])=O)[H])=O)NC(C)=O,100,5,3324904.2,2576898.5,2014915.4,,,,,,,,,,,,,,,
F5H10,[H]C(C(NC(C(NC(C(NC(C(NC(C(NC(C(NC(C(NC(C(NC(C(NC(C(O)=O)CC1=CN=CN1)=O)CC2=CN=CN2)=O)CC3=CN=CN3)=O)CC4=CN=CN4)=O)([H])CC5=CN=CN5)=O)([H])CC6=CN=CN6)=O)([H])CC7=CN=CN7)=O)([H])CC8=CN=CN8)=O)([H])CC9=CN=CN9)=O)(N)CC%10=CN=CN%10,5,5,8611854,8754798,1866097.5,,,,,,,,,,,,,,,
F5H10,[H]C(C(NC(C(NC(C(NC(C(NC(C(NC(C(NC(C(NC(C(NC(C(NC(C(O)=O)CC1=CN=CN1)=O)CC2=CN=CN2)=O)CC3=CN=CN3)=O)CC4=CN=CN4)=O)([H])CC5=CN=CN5)=O)([H])CC6=CN=CN6)=O)([H])CC7=CN=CN7)=O)([H])CC8=CN=CN8)=O)([H])CC9=CN=CN9)=O)(N)CC%10=CN=CN%10,10,5,1629163.9,12825749,17969756,8701928,,,,,,,,,,,,,,
F5H10,[H]C(C(NC(C(NC(C(NC(C(NC(C(NC(C(NC(C(NC(C(NC(C(NC(C(O)=O)CC1=CN=CN1)=O)CC2=CN=CN2)=O)CC3=CN=CN3)=O)CC4=CN=CN4)=O)([H])CC5=CN=CN5)=O)([H])CC6=CN=CN6)=O)([H])CC7=CN=CN7)=O)([H])CC8=CN=CN8)=O)([H])CC9=CN=CN9)=O)(N)CC%10=CN=CN%10,20,5,197771.09,170357.28,415123.47,,,,,,,,,,,,,,,
F5H10,[H]C(C(NC(C(NC(C(NC(C(NC(C(NC(C(NC(C(NC(C(NC(C(NC(C(O)=O)CC1=CN=CN1)=O)CC2=CN=CN2)=O)CC3=CN=CN3)=O)CC4=CN=CN4)=O)([H])CC5=CN=CN5)=O)([H])CC6=CN=CN6)=O)([H])CC7=CN=CN7)=O)([H])CC8=CN=CN8)=O)([H])CC9=CN=CN9)=O)(N)CC%10=CN=CN%10,50,5,95948.352,90073.961,187980.44,,,,,,,,,,,,,,,
F5H10,[H]C(C(NC(C(NC(C(NC(C(NC(C(NC(C(NC(C(NC(C(NC(C(NC(C(O)=O)CC1=CN=CN1)=O)CC2=CN=CN2)=O)CC3=CN=CN3)=O)CC4=CN=CN4)=O)([H])CC5=CN=CN5)=O)([H])CC6=CN=CN6)=O)([H])CC7=CN=CN7)=O)([H])CC8=CN=CN8)=O)([H])CC9=CN=CN9)=O)(N)CC%10=CN=CN%10,100,5,95948.352,68534.539,74408.93,,,,,,,,,,,,,,,
H11,[H]C(CC1=CN=CN1)(C(NC(CC2=CN=CN2)(C(NC(CC3=CN=CN3)(C(NC(CC4=CN=CN4)(C(NC(CC5=CN=CN5)(C(NC(CC6=CN=CN6)(C(NC(CC7=CN=CN7)C(NC(CC8=CN=CN8)C(NC(CC9=CN=CN9)C(NC(CC%10=CN=CN%10)C(NC(CC%11=CN=CN%11)C(N)=O)=O)=O)=O)=O)=O)[H])=O)[H])=O)[H])=O)[H])=O)[H])=O)NC(C)=O,5,5,21962382,17329448,31042230,,,,,,,,,,,,,,,
H11,[H]C(CC1=CN=CN1)(C(NC(CC2=CN=CN2)(C(NC(CC3=CN=CN3)(C(NC(CC4=CN=CN4)(C(NC(CC5=CN=CN5)(C(NC(CC6=CN=CN6)(C(NC(CC7=CN=CN7)C(NC(CC8=CN=CN8)C(NC(CC9=CN=CN9)C(NC(CC%10=CN=CN%10)C(NC(CC%11=CN=CN%11)C(N)=O)=O)=O)=O)=O)=O)[H])=O)[H])=O)[H])=O)[H])=O)[H])=O)NC(C)=O,10,5,19387442,45849604,25882558,,,,,,,,,,,,,,,
H11,[H]C(CC1=CN=CN1)(C(NC(CC2=CN=CN2)(C(NC(CC3=CN=CN3)(C(NC(CC4=CN=CN4)(C(NC(CC5=CN=CN5)(C(NC(CC6=CN=CN6)(C(NC(CC7=CN=CN7)C(NC(CC8=CN=CN8)C(NC(CC9=CN=CN9)C(NC(CC%10=CN=CN%10)C(NC(CC%11=CN=CN%11)C(N)=O)=O)=O)=O)=O)=O)[H])=O)[H])=O)[H])=O)[H])=O)[H])=O)NC(C)=O,20,5,6824082,6912197.5,46055208,,,,,,,,,,,,,,,
H11,[H]C(CC1=CN=CN1)(C(NC(CC2=CN=CN2)(C(NC(CC3=CN=CN3)(C(NC(CC4=CN=CN4)(C(NC(CC5=CN=CN5)(C(NC(CC6=CN=CN6)(C(NC(CC7=CN=CN7)C(NC(CC8=CN=CN8)C(NC(CC9=CN=CN9)C(NC(CC%10=CN=CN%10)C(NC(CC%11=CN=CN%11)C(N)=O)=O)=O)=O)=O)=O)[H])=O)[H])=O)[H])=O)[H])=O)[H])=O)NC(C)=O,50,5,1926799.6,1760358.5,5723613,,,,,,,,,,,,,,,
H11,[H]C(CC1=CN=CN1)(C(NC(CC2=CN=CN2)(C(NC(CC3=CN=CN3)(C(NC(CC4=CN=CN4)(C(NC(CC5=CN=CN5)(C(NC(CC6=CN=CN6)(C(NC(CC7=CN=CN7)C(NC(CC8=CN=CN8)C(NC(CC9=CN=CN9)C(NC(CC%10=CN=CN%10)C(NC(CC%11=CN=CN%11)C(N)=O)=O)=O)=O)=O)=O)[H])=O)[H])=O)[H])=O)[H])=O)[H])=O)NC(C)=O,100,5,280012.53,346588.94,444495.44,,,,,,,,,,,,,,,
h12,[H]C(CC1=CN=CN1)(C(NC(CC2=CN=CN2)(C(NC(CC3=CN=CN3)(C(NC(CC4=CN=CN4)(C(NC(CC5=CN=CN5)(C(NC(CC6=CN=CN6)(C(NC(CC7=CN=CN7)C(NC(CC8=CN=CN8)C(NC(CC9=CN=CN9)C(NC(CC%10=CN=CN%10)C(NC(CC%11=CN=CN%11)C(NC(CC%12=CN=CN%12)C(N)=O)=O)=O)=O)=O)=O)=O)[H])=O)[H])=O)[H])=O)[H])=O)[H])=O)NC(C)=O,5,5,381835.28,137069.08,125320.3,,,,,,,,,,,,,,,
h12,[H]C(CC1=CN=CN1)(C(NC(CC2=CN=CN2)(C(NC(CC3=CN=CN3)(C(NC(CC4=CN=CN4)(C(NC(CC5=CN=CN5)(C(NC(CC6=CN=CN6)(C(NC(CC7=CN=CN7)C(NC(CC8=CN=CN8)C(NC(CC9=CN=CN9)C(NC(CC%10=CN=CN%10)C(NC(CC%11=CN=CN%11)C(NC(CC%12=CN=CN%12)C(N)=O)=O)=O)=O)=O)=O)=O)[H])=O)[H])=O)[H])=O)[H])=O)[H])=O)NC(C)=O,10,5,127278.43,82241.445,121404.04,,,,,,,,,,,,,,,
h12,[H]C(CC1=CN=CN1)(C(NC(CC2=CN=CN2)(C(NC(CC3=CN=CN3)(C(NC(CC4=CN=CN4)(C(NC(CC5=CN=CN5)(C(NC(CC6=CN=CN6)(C(NC(CC7=CN=CN7)C(NC(CC8=CN=CN8)C(NC(CC9=CN=CN9)C(NC(CC%10=CN=CN%10)C(NC(CC%11=CN=CN%11)C(NC(CC%12=CN=CN%12)C(N)=O)=O)=O)=O)=O)=O)=O)[H])=O)[H])=O)[H])=O)[H])=O)[H])=O)NC(C)=O,20,5,133152.81,92032.094,90073.961,,,,,,,,,,,,,,,
h12,[H]C(CC1=CN=CN1)(C(NC(CC2=CN=CN2)(C(NC(CC3=CN=CN3)(C(NC(CC4=CN=CN4)(C(NC(CC5=CN=CN5)(C(NC(CC6=CN=CN6)(C(NC(CC7=CN=CN7)C(NC(CC8=CN=CN8)C(NC(CC9=CN=CN9)C(NC(CC%10=CN=CN%10)C(NC(CC%11=CN=CN%11)C(NC(CC%12=CN=CN%12)C(N)=O)=O)=O)=O)=O)=O)=O)[H])=O)[H])=O)[H])=O)[H])=O)[H])=O)NC(C)=O,50,5,70492.664,58743.891,74408.93,,,,,,,,,,,,,,,
h12,[H]C(CC1=CN=CN1)(C(NC(CC2=CN=CN2)(C(NC(CC3=CN=CN3)(C(NC(CC4=CN=CN4)(C(NC(CC5=CN=CN5)(C(NC(CC6=CN=CN6)(C(NC(CC7=CN=CN7)C(NC(CC8=CN=CN8)C(NC(CC9=CN=CN9)C(NC(CC%10=CN=CN%10)C(NC(CC%11=CN=CN%11)C(NC(CC%12=CN=CN%12)C(N)=O)=O)=O)=O)=O)=O)=O)[H])=O)[H])=O)[H])=O)[H])=O)[H])=O)NC(C)=O,100,5,64618.277,66576.406,74408.93,,,,,,,,,,,,,,,
H13,[H]C(CC1=CN=CN1)(C(NC(CC2=CN=CN2)(C(NC(CC3=CN=CN3)(C(NC(CC4=CN=CN4)(C(NC(CC5=CN=CN5)(C(NC(CC6=CN=CN6)(C(NC(CC7=CN=CN7)C(NC(CC8=CN=CN8)C(NC(CC9=CN=CN9)C(NC(CC%10=CN=CN%10)C(NC(CC%11=CN=CN%11)C(NC(CC%12=CN=CN%12)C(NC(CC%13=CN=CN%13)C(N)=O)=O)=O)=O)=O)=O)=O)=O)[H])=O)[H])=O)[H])=O)[H])=O)[H])=O)NC(C)=O,5,5,8607938,4482158.5,164482.89,,,,,,,,,,,,,,,
h13,[H]C(CC1=CN=CN1)(C(NC(CC2=CN=CN2)(C(NC(CC3=CN=CN3)(C(NC(CC4=CN=CN4)(C(NC(CC5=CN=CN5)(C(NC(CC6=CN=CN6)(C(NC(CC7=CN=CN7)C(NC(CC8=CN=CN8)C(NC(CC9=CN=CN9)C(NC(CC%10=CN=CN%10)C(NC(CC%11=CN=CN%11)C(NC(CC%12=CN=CN%12)C(NC(CC%13=CN=CN%13)C(N)=O)=O)=O)=O)=O)=O)=O)=O)[H])=O)[H])=O)[H])=O)[H])=O)[H])=O)NC(C)=O,10,5,207561.73,72450.797,129236.55,,,,,,,,,,,,,,,
h13,[H]C(CC1=CN=CN1)(C(NC(CC2=CN=CN2)(C(NC(CC3=CN=CN3)(C(NC(CC4=CN=CN4)(C(NC(CC5=CN=CN5)(C(NC(CC6=CN=CN6)(C(NC(CC7=CN=CN7)C(NC(CC8=CN=CN8)C(NC(CC9=CN=CN9)C(NC(CC%10=CN=CN%10)C(NC(CC%11=CN=CN%11)C(NC(CC%12=CN=CN%12)C(NC(CC%13=CN=CN%13)C(N)=O)=O)=O)=O)=O)=O)=O)=O)[H])=O)[H])=O)[H])=O)[H])=O)[H])=O)NC(C)=O,20,5,84199.578,64618.277,78325.188,,,,,,,,,,,,,,,
h13,[H]C(CC1=CN=CN1)(C(NC(CC2=CN=CN2)(C(NC(CC3=CN=CN3)(C(NC(CC4=CN=CN4)(C(NC(CC5=CN=CN5)(C(NC(CC6=CN=CN6)(C(NC(CC7=CN=CN7)C(NC(CC8=CN=CN8)C(NC(CC9=CN=CN9)C(NC(CC%10=CN=CN%10)C(NC(CC%11=CN=CN%11)C(NC(CC%12=CN=CN%12)C(NC(CC%13=CN=CN%13)C(N)=O)=O)=O)=O)=O)=O)=O)=O)[H])=O)[H])=O)[H])=O)[H])=O)[H])=O)NC(C)=O,50,5,699052.25,68534.539,80283.312,,,,,,,,,,,,,,,
h13,[H]C(CC1=CN=CN1)(C(NC(CC2=CN=CN2)(C(NC(CC3=CN=CN3)(C(NC(CC4=CN=CN4)(C(NC(CC5=CN=CN5)(C(NC(CC6=CN=CN6)(C(NC(CC7=CN=CN7)C(NC(CC8=CN=CN8)C(NC(CC9=CN=CN9)C(NC(CC%10=CN=CN%10)C(NC(CC%11=CN=CN%11)C(NC(CC%12=CN=CN%12)C(NC(CC%13=CN=CN%13)C(N)=O)=O)=O)=O)=O)=O)=O)=O)[H])=O)[H])=O)[H])=O)[H])=O)[H])=O)NC(C)=O,100,5,74408.93,60702.02,74408.93,,,,,,,,,,,,,,,
h14,[H]C(CC1=CN=CN1)(C(NC(CC2=CN=CN2)(C(NC(CC3=CN=CN3)(C(NC(CC4=CN=CN4)(C(NC(CC5=CN=CN5)(C(NC(CC6=CN=CN6)(C(NC(CC7=CN=CN7)C(NC(CC8=CN=CN8)C(NC(CC9=CN=CN9)C(NC(CC%10=CN=CN%10)C(NC(CC%11=CN=CN%11)C(NC(CC%12=CN=CN%12)C(NC(CC%13=CN=CN%13)C(NC(CC%14=CN=CN%14)C(N)=O)=O)=O)=O)=O)=O)=O)=O)=O)[H])=O)[H])=O)[H])=O)[H])=O)[H])=O)NC(C)=O,5,5,234975.56,78325.188,95948.352,,,,,,,,,,,,,,,
h14,[H]C(CC1=CN=CN1)(C(NC(CC2=CN=CN2)(C(NC(CC3=CN=CN3)(C(NC(CC4=CN=CN4)(C(NC(CC5=CN=CN5)(C(NC(CC6=CN=CN6)(C(NC(CC7=CN=CN7)C(NC(CC8=CN=CN8)C(NC(CC9=CN=CN9)C(NC(CC%10=CN=CN%10)C(NC(CC%11=CN=CN%11)C(NC(CC%12=CN=CN%12)C(NC(CC%13=CN=CN%13)C(NC(CC%14=CN=CN%14)C(N)=O)=O)=O)=O)=O)=O)=O)=O)=O)[H])=O)[H])=O)[H])=O)[H])=O)[H])=O)NC(C)=O,10,5,4582023.5,1541048,6790793.5,,,,,,,,,,,,,,,
h14,[H]C(CC1=CN=CN1)(C(NC(CC2=CN=CN2)(C(NC(CC3=CN=CN3)(C(NC(CC4=CN=CN4)(C(NC(CC5=CN=CN5)(C(NC(CC6=CN=CN6)(C(NC(CC7=CN=CN7)C(NC(CC8=CN=CN8)C(NC(CC9=CN=CN9)C(NC(CC%10=CN=CN%10)C(NC(CC%11=CN=CN%11)C(NC(CC%12=CN=CN%12)C(NC(CC%13=CN=CN%13)C(NC(CC%14=CN=CN%14)C(N)=O)=O)=O)=O)=O)=O)=O)=O)=O)[H])=O)[H])=O)[H])=O)[H])=O)[H])=O)NC(C)=O,20,5,70492.664,74408.93,82241.445,,,,,,,,,,,,,,,
h14,[H]C(CC1=CN=CN1)(C(NC(CC2=CN=CN2)(C(NC(CC3=CN=CN3)(C(NC(CC4=CN=CN4)(C(NC(CC5=CN=CN5)(C(NC(CC6=CN=CN6)(C(NC(CC7=CN=CN7)C(NC(CC8=CN=CN8)C(NC(CC9=CN=CN9)C(NC(CC%10=CN=CN%10)C(NC(CC%11=CN=CN%11)C(NC(CC%12=CN=CN%12)C(NC(CC%13=CN=CN%13)C(NC(CC%14=CN=CN%14)C(N)=O)=O)=O)=O)=O)=O)=O)=O)=O)[H])=O)[H])=O)[H])=O)[H])=O)[H])=O)NC(C)=O,50,5,70492.664,64618.277,90073.961,,,,,,,,,,,,,,,
h14,[H]C(CC1=CN=CN1)(C(NC(CC2=CN=CN2)(C(NC(CC3=CN=CN3)(C(NC(CC4=CN=CN4)(C(NC(CC5=CN=CN5)(C(NC(CC6=CN=CN6)(C(NC(CC7=CN=CN7)C(NC(CC8=CN=CN8)C(NC(CC9=CN=CN9)C(NC(CC%10=CN=CN%10)C(NC(CC%11=CN=CN%11)C(NC(CC%12=CN=CN%12)C(NC(CC%13=CN=CN%13)C(NC(CC%14=CN=CN%14)C(N)=O)=O)=O)=O)=O)=O)=O)=O)=O)[H])=O)[H])=O)[H])=O)[H])=O)[H])=O)NC(C)=O,100,5,88115.836,841995.75,70492.664,,,,,,,,,,,,,,,
H15,[H]C(CC1=CN=CN1)(C(NC(CC2=CN=CN2)(C(NC(CC3=CN=CN3)(C(NC(CC4=CN=CN4)(C(NC(CC5=CN=CN5)(C(NC(CC6=CN=CN6)(C(NC(CC7=CN=CN7)C(NC(CC8=CN=CN8)C(NC(CC9=CN=CN9)C(NC(CC%10=CN=CN%10)C(NC(CC%11=CN=CN%11)C(NC(CC%12=CN=CN%12)C(NC(CC%13=CN=CN%13)C(NC(CC%14=CN=CN%14)C(NC(CC%15=CN=CN%15)C(N)=O)=O)=O)=O)=O)=O)=O)=O)=O)=O)[H])=O)[H])=O)[H])=O)[H])=O)[H])=O)NC(C)=O,5,5,746047.38,266305.62,281970.66,,,,,,,,,,,,,,,
H15,[H]C(CC1=CN=CN1)(C(NC(CC2=CN=CN2)(C(NC(CC3=CN=CN3)(C(NC(CC4=CN=CN4)(C(NC(CC5=CN=CN5)(C(NC(CC6=CN=CN6)(C(NC(CC7=CN=CN7)C(NC(CC8=CN=CN8)C(NC(CC9=CN=CN9)C(NC(CC%10=CN=CN%10)C(NC(CC%11=CN=CN%11)C(NC(CC%12=CN=CN%12)C(NC(CC%13=CN=CN%13)C(NC(CC%14=CN=CN%14)C(NC(CC%15=CN=CN%15)C(N)=O)=O)=O)=O)=O)=O)=O)=O)=O)=O)[H])=O)[H])=O)[H])=O)[H])=O)[H])=O)NC(C)=O,10,5,92032.094,86157.703,565899.44,,,,,,,,,,,,,,,
H15,[H]C(CC1=CN=CN1)(C(NC(CC2=CN=CN2)(C(NC(CC3=CN=CN3)(C(NC(CC4=CN=CN4)(C(NC(CC5=CN=CN5)(C(NC(CC6=CN=CN6)(C(NC(CC7=CN=CN7)C(NC(CC8=CN=CN8)C(NC(CC9=CN=CN9)C(NC(CC%10=CN=CN%10)C(NC(CC%11=CN=CN%11)C(NC(CC%12=CN=CN%12)C(NC(CC%13=CN=CN%13)C(NC(CC%14=CN=CN%14)C(NC(CC%15=CN=CN%15)C(N)=O)=O)=O)=O)=O)=O)=O)=O)=O)=O)[H])=O)[H])=O)[H])=O)[H])=O)[H])=O)NC(C)=O,20,5,101822.74,76367.055,109655.26,,,,,,,,,,,,,,,
H15,[H]C(CC1=CN=CN1)(C(NC(CC2=CN=CN2)(C(NC(CC3=CN=CN3)(C(NC(CC4=CN=CN4)(C(NC(CC5=CN=CN5)(C(NC(CC6=CN=CN6)(C(NC(CC7=CN=CN7)C(NC(CC8=CN=CN8)C(NC(CC9=CN=CN9)C(NC(CC%10=CN=CN%10)C(NC(CC%11=CN=CN%11)C(NC(CC%12=CN=CN%12)C(NC(CC%13=CN=CN%13)C(NC(CC%14=CN=CN%14)C(NC(CC%15=CN=CN%15)C(N)=O)=O)=O)=O)=O)=O)=O)=O)=O)=O)[H])=O)[H])=O)[H])=O)[H])=O)[H])=O)NC(C)=O,50,5,78325.188,68534.539,724507.94,,,,,,,,,,,,,,,
H15,[H]C(CC1=CN=CN1)(C(NC(CC2=CN=CN2)(C(NC(CC3=CN=CN3)(C(NC(CC4=CN=CN4)(C(NC(CC5=CN=CN5)(C(NC(CC6=CN=CN6)(C(NC(CC7=CN=CN7)C(NC(CC8=CN=CN8)C(NC(CC9=CN=CN9)C(NC(CC%10=CN=CN%10)C(NC(CC%11=CN=CN%11)C(NC(CC%12=CN=CN%12)C(NC(CC%13=CN=CN%13)C(NC(CC%14=CN=CN%14)C(NC(CC%15=CN=CN%15)C(N)=O)=O)=O)=O)=O)=O)=O)=O)=O)=O)[H])=O)[H])=O)[H])=O)[H])=O)[H])=O)NC(C)=O,100,5,70492.664,103780.87,76367.055,,,,,,,,,,,,,,,
h16,[H]C(CC1=CN=CN1)(C(NC(CC2=CN=CN2)(C(NC(CC3=CN=CN3)(C(NC(CC4=CN=CN4)(C(NC(CC5=CN=CN5)(C(NC(CC6=CN=CN6)(C(NC(CC7=CN=CN7)C(NC(CC8=CN=CN8)C(NC(CC9=CN=CN9)C(NC(CC%10=CN=CN%10)C(NC(CC%11=CN=CN%11)C(NC(CC%12=CN=CN%12)C(NC(CC%13=CN=CN%13)C(NC(CC%14=CN=CN%14)C(NC(CC%15=CN=CN%15)C(NC(CC%16=CN=CN%16)C(N)=O)=O)=O)=O)=O)=O)=O)=O)=O)=O)=O)[H])=O)[H])=O)[H])=O)[H])=O)[H])=O)NC(C)=O,5,5,14069161,3720446.2,6835830.5,,,,,,,,,,,,,,,
h16,[H]C(CC1=CN=CN1)(C(NC(CC2=CN=CN2)(C(NC(CC3=CN=CN3)(C(NC(CC4=CN=CN4)(C(NC(CC5=CN=CN5)(C(NC(CC6=CN=CN6)(C(NC(CC7=CN=CN7)C(NC(CC8=CN=CN8)C(NC(CC9=CN=CN9)C(NC(CC%10=CN=CN%10)C(NC(CC%11=CN=CN%11)C(NC(CC%12=CN=CN%12)C(NC(CC%13=CN=CN%13)C(NC(CC%14=CN=CN%14)C(NC(CC%15=CN=CN%15)C(NC(CC%16=CN=CN%16)C(N)=O)=O)=O)=O)=O)=O)=O)=O)=O)=O)=O)[H])=O)[H])=O)[H])=O)[H])=O)[H])=O)NC(C)=O,10,5,589397,346588.94,495406.81,,,,,,,,,,,,,,,
h16,[H]C(CC1=CN=CN1)(C(NC(CC2=CN=CN2)(C(NC(CC3=CN=CN3)(C(NC(CC4=CN=CN4)(C(NC(CC5=CN=CN5)(C(NC(CC6=CN=CN6)(C(NC(CC7=CN=CN7)C(NC(CC8=CN=CN8)C(NC(CC9=CN=CN9)C(NC(CC%10=CN=CN%10)C(NC(CC%11=CN=CN%11)C(NC(CC%12=CN=CN%12)C(NC(CC%13=CN=CN%13)C(NC(CC%14=CN=CN%14)C(NC(CC%15=CN=CN%15)C(NC(CC%16=CN=CN%16)C(N)=O)=O)=O)=O)=O)=O)=O)=O)=O)=O)=O)[H])=O)[H])=O)[H])=O)[H])=O)[H])=O)NC(C)=O,20,5,97906.484,58743.891,80283.312,,,,,,,,,,,,,,,
h24,[H]C(CC1=CN=CN1)(C(NC(CC2=CN=CN2)(C(NC(CC3=CN=CN3)(C(NC(CC4=CN=CN4)(C(NC(CC5=CN=CN5)(C(NC(CC6=CN=CN6)(C(NC(CC7=CN=CN7)C(NC(CC8=CN=CN8)C(NC(CC9=CN=CN9)C(NC(CC%10=CN=CN%10)C(NC(CC%11=CN=CN%11)C(NC(CC%12=CN=CN%12)C(NC(CC%13=CN=CN%13)C(NC(CC%14=CN=CN%14)C(NC(CC%15=CN=CN%15)C(NC(CC%16=CN=CN%16)C(NC(CC%17=CN=CN%17)C(NC(CC%18=CN=CN%18)C(NC(CC%19=CN=CN%19)C(NC(CC%20=CN=CN%20)C(NC(CC%21=CN=CN%21)C(NC(CC%22=CN=CN%22)C(NC(CC%23=CN=CN%23)C(NC(CC%24=CN=CN%24)C(N)=O)=O)=O)=O)=O)=O)=O)=O)=O)=O)=O)=O)=O)=O)=O)=O)=O)=O)=O)[H])=O)[H])=O)[H])=O)[H])=O)[H])=O)NC(C)=O,2.5,5,80283.312,68534.539,258473.11,,,,,,,,,,,,,,,
h24,[H]C(CC1=CN=CN1)(C(NC(CC2=CN=CN2)(C(NC(CC3=CN=CN3)(C(NC(CC4=CN=CN4)(C(NC(CC5=CN=CN5)(C(NC(CC6=CN=CN6)(C(NC(CC7=CN=CN7)C(NC(CC8=CN=CN8)C(NC(CC9=CN=CN9)C(NC(CC%10=CN=CN%10)C(NC(CC%11=CN=CN%11)C(NC(CC%12=CN=CN%12)C(NC(CC%13=CN=CN%13)C(NC(CC%14=CN=CN%14)C(NC(CC%15=CN=CN%15)C(NC(CC%16=CN=CN%16)C(NC(CC%17=CN=CN%17)C(NC(CC%18=CN=CN%18)C(NC(CC%19=CN=CN%19)C(NC(CC%20=CN=CN%20)C(NC(CC%21=CN=CN%21)C(NC(CC%22=CN=CN%22)C(NC(CC%23=CN=CN%23)C(NC(CC%24=CN=CN%24)C(N)=O)=O)=O)=O)=O)=O)=O)=O)=O)=O)=O)=O)=O)=O)=O)=O)=O)=O)=O)[H])=O)[H])=O)[H])=O)[H])=O)[H])=O)NC(C)=O,5,5,74408.93,64618.277,74408.93,,,,,,,,,,,,,,,
h24,[H]C(CC1=CN=CN1)(C(NC(CC2=CN=CN2)(C(NC(CC3=CN=CN3)(C(NC(CC4=CN=CN4)(C(NC(CC5=CN=CN5)(C(NC(CC6=CN=CN6)(C(NC(CC7=CN=CN7)C(NC(CC8=CN=CN8)C(NC(CC9=CN=CN9)C(NC(CC%10=CN=CN%10)C(NC(CC%11=CN=CN%11)C(NC(CC%12=CN=CN%12)C(NC(CC%13=CN=CN%13)C(NC(CC%14=CN=CN%14)C(NC(CC%15=CN=CN%15)C(NC(CC%16=CN=CN%16)C(NC(CC%17=CN=CN%17)C(NC(CC%18=CN=CN%18)C(NC(CC%19=CN=CN%19)C(NC(CC%20=CN=CN%20)C(NC(CC%21=CN=CN%21)C(NC(CC%22=CN=CN%22)C(NC(CC%23=CN=CN%23)C(NC(CC%24=CN=CN%24)C(N)=O)=O)=O)=O)=O)=O)=O)=O)=O)=O)=O)=O)=O)=O)=O)=O)=O)=O)=O)[H])=O)[H])=O)[H])=O)[H])=O)[H])=O)NC(C)=O,10,5,72450.797,207561.73,76367.055,,,,,,,,,,,,,,,
h24,[H]C(CC1=CN=CN1)(C(NC(CC2=CN=CN2)(C(NC(CC3=CN=CN3)(C(NC(CC4=CN=CN4)(C(NC(CC5=CN=CN5)(C(NC(CC6=CN=CN6)(C(NC(CC7=CN=CN7)C(NC(CC8=CN=CN8)C(NC(CC9=CN=CN9)C(NC(CC%10=CN=CN%10)C(NC(CC%11=CN=CN%11)C(NC(CC%12=CN=CN%12)C(NC(CC%13=CN=CN%13)C(NC(CC%14=CN=CN%14)C(NC(CC%15=CN=CN%15)C(NC(CC%16=CN=CN%16)C(NC(CC%17=CN=CN%17)C(NC(CC%18=CN=CN%18)C(NC(CC%19=CN=CN%19)C(NC(CC%20=CN=CN%20)C(NC(CC%21=CN=CN%21)C(NC(CC%22=CN=CN%22)C(NC(CC%23=CN=CN%23)C(NC(CC%24=CN=CN%24)C(N)=O)=O)=O)=O)=O)=O)=O)=O)=O)=O)=O)=O)=O)=O)=O)=O)=O)=O)=O)[H])=O)[H])=O)[H])=O)[H])=O)[H])=O)NC(C)=O,20,5,70492.664,64618.277,74408.93,,,,,,,,,,,,,,,
h24,[H]C(CC1=CN=CN1)(C(NC(CC2=CN=CN2)(C(NC(CC3=CN=CN3)(C(NC(CC4=CN=CN4)(C(NC(CC5=CN=CN5)(C(NC(CC6=CN=CN6)(C(NC(CC7=CN=CN7)C(NC(CC8=CN=CN8)C(NC(CC9=CN=CN9)C(NC(CC%10=CN=CN%10)C(NC(CC%11=CN=CN%11)C(NC(CC%12=CN=CN%12)C(NC(CC%13=CN=CN%13)C(NC(CC%14=CN=CN%14)C(NC(CC%15=CN=CN%15)C(NC(CC%16=CN=CN%16)C(NC(CC%17=CN=CN%17)C(NC(CC%18=CN=CN%18)C(NC(CC%19=CN=CN%19)C(NC(CC%20=CN=CN%20)C(NC(CC%21=CN=CN%21)C(NC(CC%22=CN=CN%22)C(NC(CC%23=CN=CN%23)C(NC(CC%24=CN=CN%24)C(N)=O)=O)=O)=O)=O)=O)=O)=O)=O)=O)=O)=O)=O)=O)=O)=O)=O)=O)=O)[H])=O)[H])=O)[H])=O)[H])=O)[H])=O)NC(C)=O,50,5,66576.406,121404.04,78325.188,,,,,,,,,,,,,,,
h32,[H]C(CC1=CN=CN1)(C(NC(CC2=CN=CN2)(C(NC(CC3=CN=CN3)(C(NC(CC4=CN=CN4)(C(NC(CC5=CN=CN5)(C(NC(CC6=CN=CN6)(C(NC(CC7=CN=CN7)C(NC(CC8=CN=CN8)C(NC(CC9=CN=CN9)C(NC(CC%10=CN=CN%10)C(NC(CC%11=CN=CN%11)C(NC(CC%12=CN=CN%12)C(NC(CC%13=CN=CN%13)C(NC(CC%14=CN=CN%14)C(NC(CC%15=CN=CN%15)C(NC(CC%16=CN=CN%16)C(NC(CC%17=CN=CN%17)C(NC(CC%18=CN=CN%18)C(NC(CC%19=CN=CN%19)C(NC(CC%20=CN=CN%20)C(NC(CC%21=CN=CN%21)C(NC(CC%22=CN=CN%22)C(NC(CC%23=CN=CN%23)C(NC(CC%24=CN=CN%24)C(NC(CC%25=CN=CN%25)C(NC(CC%26=CN=CN%26)C(NC(CC%27=CN=CN%27)C(NC(CC%28=CN=CN%28)C(NC(CC%29=CN=CN%29)C(NC(CC%30=CN=CN%30)C(NC(CC%31=CN=CN%31)C(NC(CC%32=CN=CN%32)C(N)=O)=O)=O)=O)=O)=O)=O)=O)=O)=O)=O)=O)=O)=O)=O)=O)=O)=O)=O)=O)=O)=O)=O)=O)=O)=O)=O)[H])=O)[H])=O)[H])=O)[H])=O)[H])=O)NC(C)=O,2.5,5,68534.539,64618.277,74408.93,,,,,,,,,,,,,,,
h32,[H]C(CC1=CN=CN1)(C(NC(CC2=CN=CN2)(C(NC(CC3=CN=CN3)(C(NC(CC4=CN=CN4)(C(NC(CC5=CN=CN5)(C(NC(CC6=CN=CN6)(C(NC(CC7=CN=CN7)C(NC(CC8=CN=CN8)C(NC(CC9=CN=CN9)C(NC(CC%10=CN=CN%10)C(NC(CC%11=CN=CN%11)C(NC(CC%12=CN=CN%12)C(NC(CC%13=CN=CN%13)C(NC(CC%14=CN=CN%14)C(NC(CC%15=CN=CN%15)C(NC(CC%16=CN=CN%16)C(NC(CC%17=CN=CN%17)C(NC(CC%18=CN=CN%18)C(NC(CC%19=CN=CN%19)C(NC(CC%20=CN=CN%20)C(NC(CC%21=CN=CN%21)C(NC(CC%22=CN=CN%22)C(NC(CC%23=CN=CN%23)C(NC(CC%24=CN=CN%24)C(NC(CC%25=CN=CN%25)C(NC(CC%26=CN=CN%26)C(NC(CC%27=CN=CN%27)C(NC(CC%28=CN=CN%28)C(NC(CC%29=CN=CN%29)C(NC(CC%30=CN=CN%30)C(NC(CC%31=CN=CN%31)C(NC(CC%32=CN=CN%32)C(N)=O)=O)=O)=O)=O)=O)=O)=O)=O)=O)=O)=O)=O)=O)=O)=O)=O)=O)=O)=O)=O)=O)=O)=O)=O)=O)=O)[H])=O)[H])=O)[H])=O)[H])=O)[H])=O)NC(C)=O,5,5,86157.703,66576.406,72450.797,,,,,,,,,,,,,,,
h32,[H]C(CC1=CN=CN1)(C(NC(CC2=CN=CN2)(C(NC(CC3=CN=CN3)(C(NC(CC4=CN=CN4)(C(NC(CC5=CN=CN5)(C(NC(CC6=CN=CN6)(C(NC(CC7=CN=CN7)C(NC(CC8=CN=CN8)C(NC(CC9=CN=CN9)C(NC(CC%10=CN=CN%10)C(NC(CC%11=CN=CN%11)C(NC(CC%12=CN=CN%12)C(NC(CC%13=CN=CN%13)C(NC(CC%14=CN=CN%14)C(NC(CC%15=CN=CN%15)C(NC(CC%16=CN=CN%16)C(NC(CC%17=CN=CN%17)C(NC(CC%18=CN=CN%18)C(NC(CC%19=CN=CN%19)C(NC(CC%20=CN=CN%20)C(NC(CC%21=CN=CN%21)C(NC(CC%22=CN=CN%22)C(NC(CC%23=CN=CN%23)C(NC(CC%24=CN=CN%24)C(NC(CC%25=CN=CN%25)C(NC(CC%26=CN=CN%26)C(NC(CC%27=CN=CN%27)C(NC(CC%28=CN=CN%28)C(NC(CC%29=CN=CN%29)C(NC(CC%30=CN=CN%30)C(NC(CC%31=CN=CN%31)C(NC(CC%32=CN=CN%32)C(N)=O)=O)=O)=O)=O)=O)=O)=O)=O)=O)=O)=O)=O)=O)=O)=O)=O)=O)=O)=O)=O)=O)=O)=O)=O)=O)=O)[H])=O)[H])=O)[H])=O)[H])=O)[H])=O)NC(C)=O,10,5,70492.664,60702.02,76367.055,,,,,,,,,,,,,,,
h32,[H]C(CC1=CN=CN1)(C(NC(CC2=CN=CN2)(C(NC(CC3=CN=CN3)(C(NC(CC4=CN=CN4)(C(NC(CC5=CN=CN5)(C(NC(CC6=CN=CN6)(C(NC(CC7=CN=CN7)C(NC(CC8=CN=CN8)C(NC(CC9=CN=CN9)C(NC(CC%10=CN=CN%10)C(NC(CC%11=CN=CN%11)C(NC(CC%12=CN=CN%12)C(NC(CC%13=CN=CN%13)C(NC(CC%14=CN=CN%14)C(NC(CC%15=CN=CN%15)C(NC(CC%16=CN=CN%16)C(NC(CC%17=CN=CN%17)C(NC(CC%18=CN=CN%18)C(NC(CC%19=CN=CN%19)C(NC(CC%20=CN=CN%20)C(NC(CC%21=CN=CN%21)C(NC(CC%22=CN=CN%22)C(NC(CC%23=CN=CN%23)C(NC(CC%24=CN=CN%24)C(NC(CC%25=CN=CN%25)C(NC(CC%26=CN=CN%26)C(NC(CC%27=CN=CN%27)C(NC(CC%28=CN=CN%28)C(NC(CC%29=CN=CN%29)C(NC(CC%30=CN=CN%30)C(NC(CC%31=CN=CN%31)C(NC(CC%32=CN=CN%32)C(N)=O)=O)=O)=O)=O)=O)=O)=O)=O)=O)=O)=O)=O)=O)=O)=O)=O)=O)=O)=O)=O)=O)=O)=O)=O)=O)=O)[H])=O)[H])=O)[H])=O)[H])=O)[H])=O)NC(C)=O,20,5,74408.93,56785.758,74408.93,,,,,,,,,,,,,,,
h40,[H]C(CC1=CN=CN1)(C(NC(CC2=CN=CN2)(C(NC(CC3=CN=CN3)(C(NC(CC4=CN=CN4)(C(NC(CC5=CN=CN5)(C(NC(CC6=CN=CN6)(C(NC(CC7=CN=CN7)C(NC(CC8=CN=CN8)C(NC(CC9=CN=CN9)C(NC(CC%10=CN=CN%10)C(NC(CC%11=CN=CN%11)C(NC(CC%12=CN=CN%12)C(NC(CC%13=CN=CN%13)C(NC(CC%14=CN=CN%14)C(NC(CC%15=CN=CN%15)C(NC(CC%16=CN=CN%16)C(NC(CC%17=CN=CN%17)C(NC(CC%18=CN=CN%18)C(NC(CC%19=CN=CN%19)C(NC(CC%20=CN=CN%20)C(NC(CC%21=CN=CN%21)C(NC(CC%22=CN=CN%22)C(NC(CC%23=CN=CN%23)C(NC(CC%24=CN=CN%24)C(NC(CC%25=CN=CN%25)C(NC(CC%26=CN=CN%26)C(NC(CC%27=CN=CN%27)C(NC(CC%28=CN=CN%28)C(NC(CC%29=CN=CN%29)C(NC(CC%30=CN=CN%30)C(NC(CC%31=CN=CN%31)C(NC(CC%32=CN=CN%32)C(NC(CC%33=CN=CN%33)C(NC(CC%34=CN=CN%34)C(NC(CC%35=CN=CN%35)C(NC(CC%36=CN=CN%36)C(NC(CC%37=CN=CN%37)C(NC(CC%38=CN=CN%38)C(NC(CC%39=CN=CN%39)C(NC(CC%40=CN=CN%40)C(N)=O)=O)=O)=O)=O)=O)=O)=O)=O)=O)=O)=O)=O)=O)=O)=O)=O)=O)=O)=O)=O)=O)=O)=O)=O)=O)=O)=O)=O)=O)=O)=O)=O)=O)=O)[H])=O)[H])=O)[H])=O)[H])=O)[H])=O)NC(C)=O,2.5,5,74408.93,72450.797,72450.797,,,,,,,,,,,,,,,
h40,[H]C(CC1=CN=CN1)(C(NC(CC2=CN=CN2)(C(NC(CC3=CN=CN3)(C(NC(CC4=CN=CN4)(C(NC(CC5=CN=CN5)(C(NC(CC6=CN=CN6)(C(NC(CC7=CN=CN7)C(NC(CC8=CN=CN8)C(NC(CC9=CN=CN9)C(NC(CC%10=CN=CN%10)C(NC(CC%11=CN=CN%11)C(NC(CC%12=CN=CN%12)C(NC(CC%13=CN=CN%13)C(NC(CC%14=CN=CN%14)C(NC(CC%15=CN=CN%15)C(NC(CC%16=CN=CN%16)C(NC(CC%17=CN=CN%17)C(NC(CC%18=CN=CN%18)C(NC(CC%19=CN=CN%19)C(NC(CC%20=CN=CN%20)C(NC(CC%21=CN=CN%21)C(NC(CC%22=CN=CN%22)C(NC(CC%23=CN=CN%23)C(NC(CC%24=CN=CN%24)C(NC(CC%25=CN=CN%25)C(NC(CC%26=CN=CN%26)C(NC(CC%27=CN=CN%27)C(NC(CC%28=CN=CN%28)C(NC(CC%29=CN=CN%29)C(NC(CC%30=CN=CN%30)C(NC(CC%31=CN=CN%31)C(NC(CC%32=CN=CN%32)C(NC(CC%33=CN=CN%33)C(NC(CC%34=CN=CN%34)C(NC(CC%35=CN=CN%35)C(NC(CC%36=CN=CN%36)C(NC(CC%37=CN=CN%37)C(NC(CC%38=CN=CN%38)C(NC(CC%39=CN=CN%39)C(NC(CC%40=CN=CN%40)C(N)=O)=O)=O)=O)=O)=O)=O)=O)=O)=O)=O)=O)=O)=O)=O)=O)=O)=O)=O)=O)=O)=O)=O)=O)=O)=O)=O)=O)=O)=O)=O)=O)=O)=O)=O)[H])=O)[H])=O)[H])=O)[H])=O)[H])=O)NC(C)=O,5,5,70492.664,64618.277,78325.188,,,,,,,,,,,,,,,
h40,[H]C(CC1=CN=CN1)(C(NC(CC2=CN=CN2)(C(NC(CC3=CN=CN3)(C(NC(CC4=CN=CN4)(C(NC(CC5=CN=CN5)(C(NC(CC6=CN=CN6)(C(NC(CC7=CN=CN7)C(NC(CC8=CN=CN8)C(NC(CC9=CN=CN9)C(NC(CC%10=CN=CN%10)C(NC(CC%11=CN=CN%11)C(NC(CC%12=CN=CN%12)C(NC(CC%13=CN=CN%13)C(NC(CC%14=CN=CN%14)C(NC(CC%15=CN=CN%15)C(NC(CC%16=CN=CN%16)C(NC(CC%17=CN=CN%17)C(NC(CC%18=CN=CN%18)C(NC(CC%19=CN=CN%19)C(NC(CC%20=CN=CN%20)C(NC(CC%21=CN=CN%21)C(NC(CC%22=CN=CN%22)C(NC(CC%23=CN=CN%23)C(NC(CC%24=CN=CN%24)C(NC(CC%25=CN=CN%25)C(NC(CC%26=CN=CN%26)C(NC(CC%27=CN=CN%27)C(NC(CC%28=CN=CN%28)C(NC(CC%29=CN=CN%29)C(NC(CC%30=CN=CN%30)C(NC(CC%31=CN=CN%31)C(NC(CC%32=CN=CN%32)C(NC(CC%33=CN=CN%33)C(NC(CC%34=CN=CN%34)C(NC(CC%35=CN=CN%35)C(NC(CC%36=CN=CN%36)C(NC(CC%37=CN=CN%37)C(NC(CC%38=CN=CN%38)C(NC(CC%39=CN=CN%39)C(NC(CC%40=CN=CN%40)C(N)=O)=O)=O)=O)=O)=O)=O)=O)=O)=O)=O)=O)=O)=O)=O)=O)=O)=O)=O)=O)=O)=O)=O)=O)=O)=O)=O)=O)=O)=O)=O)=O)=O)=O)=O)[H])=O)[H])=O)[H])=O)[H])=O)[H])=O)NC(C)=O,10,5,70492.664,68534.539,117487.78,,,,,,,,,,,,,,,
h40,[H]C(CC1=CN=CN1)(C(NC(CC2=CN=CN2)(C(NC(CC3=CN=CN3)(C(NC(CC4=CN=CN4)(C(NC(CC5=CN=CN5)(C(NC(CC6=CN=CN6)(C(NC(CC7=CN=CN7)C(NC(CC8=CN=CN8)C(NC(CC9=CN=CN9)C(NC(CC%10=CN=CN%10)C(NC(CC%11=CN=CN%11)C(NC(CC%12=CN=CN%12)C(NC(CC%13=CN=CN%13)C(NC(CC%14=CN=CN%14)C(NC(CC%15=CN=CN%15)C(NC(CC%16=CN=CN%16)C(NC(CC%17=CN=CN%17)C(NC(CC%18=CN=CN%18)C(NC(CC%19=CN=CN%19)C(NC(CC%20=CN=CN%20)C(NC(CC%21=CN=CN%21)C(NC(CC%22=CN=CN%22)C(NC(CC%23=CN=CN%23)C(NC(CC%24=CN=CN%24)C(NC(CC%25=CN=CN%25)C(NC(CC%26=CN=CN%26)C(NC(CC%27=CN=CN%27)C(NC(CC%28=CN=CN%28)C(NC(CC%29=CN=CN%29)C(NC(CC%30=CN=CN%30)C(NC(CC%31=CN=CN%31)C(NC(CC%32=CN=CN%32)C(NC(CC%33=CN=CN%33)C(NC(CC%34=CN=CN%34)C(NC(CC%35=CN=CN%35)C(NC(CC%36=CN=CN%36)C(NC(CC%37=CN=CN%37)C(NC(CC%38=CN=CN%38)C(NC(CC%39=CN=CN%39)C(NC(CC%40=CN=CN%40)C(N)=O)=O)=O)=O)=O)=O)=O)=O)=O)=O)=O)=O)=O)=O)=O)=O)=O)=O)=O)=O)=O)=O)=O)=O)=O)=O)=O)=O)=O)=O)=O)=O)=O)=O)=O)[H])=O)[H])=O)[H])=O)[H])=O)[H])=O)NC(C)=O,20,5,64618.277,68534.539,101822.74,,,,,,,,,,,,,,,
H4,O=C(NC(CC1=CN=CN1)(C(NC(CC2=CN=CN2)(C(NC(CC3=CN=CN3)(C(N)=O)[H])=O)[H])=O)[H])C(CC4=CN=CN4)NC(C)=O,5,24,58743.891,52869.5,70492.664,,,,,,,,,,,,,,,
H4,O=C(NC(CC1=CN=CN1)(C(NC(CC2=CN=CN2)(C(NC(CC3=CN=CN3)(C(N)=O)[H])=O)[H])=O)[H])C(CC4=CN=CN4)NC(C)=O,10,24,193854.83,56785.758,62660.148,,,,,,,,,,,,,,,
H4,O=C(NC(CC1=CN=CN1)(C(NC(CC2=CN=CN2)(C(NC(CC3=CN=CN3)(C(N)=O)[H])=O)[H])=O)[H])C(CC4=CN=CN4)NC(C)=O,20,24,64618.277,58743.891,78325.188,,,,,,,,,,,,,,,
H4,O=C(NC(CC1=CN=CN1)(C(NC(CC2=CN=CN2)(C(NC(CC3=CN=CN3)(C(N)=O)[H])=O)[H])=O)[H])C(CC4=CN=CN4)NC(C)=O,50,24,62660.148,180147.92,70492.664,,,,,,,,,,,,,,,
H4,O=C(NC(CC1=CN=CN1)(C(NC(CC2=CN=CN2)(C(NC(CC3=CN=CN3)(C(N)=O)[H])=O)[H])=O)[H])C(CC4=CN=CN4)NC(C)=O,100,24,64618.277,68534.539,66576.406,,,,,,,,,,,,,,,
H5,[H]C(CC1=CN=CN1)(C(NC(CC2=CN=CN2)(C(NC(CC3=CN=CN3)(C(NC(CC4=CN=CN4)(C(NC(CC5=CN=CN5)(C(N)=O)[H])=O)[H])=O)[H])=O)[H])=O)NC(C)=O,5,24,215394.27,219310.52,156650.38,,,,,,,,,,,,,,,
h5,[H]C(CC1=CN=CN1)(C(NC(CC2=CN=CN2)(C(NC(CC3=CN=CN3)(C(NC(CC4=CN=CN4)(C(NC(CC5=CN=CN5)(C(N)=O)[H])=O)[H])=O)[H])=O)[H])=O)NC(C)=O,10,24,148817.86,146859.72,125320.3,,,,,,,,,,,,,,,
h5,[H]C(CC1=CN=CN1)(C(NC(CC2=CN=CN2)(C(NC(CC3=CN=CN3)(C(NC(CC4=CN=CN4)(C(NC(CC5=CN=CN5)(C(N)=O)[H])=O)[H])=O)[H])=O)[H])=O)NC(C)=O,20,24,624643.38,234975.56,397500.31,,,,,,,,,,,,,,,
h5,[H]C(CC1=CN=CN1)(C(NC(CC2=CN=CN2)(C(NC(CC3=CN=CN3)(C(NC(CC4=CN=CN4)(C(NC(CC5=CN=CN5)(C(N)=O)[H])=O)[H])=O)[H])=O)[H])=O)NC(C)=O,50,24,176231.67,497364.94,240849.95,,,,,,,,,,,,,,,
h5,[H]C(CC1=CN=CN1)(C(NC(CC2=CN=CN2)(C(NC(CC3=CN=CN3)(C(NC(CC4=CN=CN4)(C(NC(CC5=CN=CN5)(C(N)=O)[H])=O)[H])=O)[H])=O)[H])=O)NC(C)=O,100,24,95948.352,133152.81,121404.04,,,,,,,,,,,,,,,
h6,[H]C(CC1=CN=CN1)(C(NC(CC2=CN=CN2)(C(NC(CC3=CN=CN3)(C(NC(CC4=CN=CN4)(C(NC(CC5=CN=CN5)(C(NC(CC6=CN=CN6)(C(N)=O)[H])=O)[H])=O)[H])=O)[H])=O)[H])=O)NC(C)=O,5,24,170357.28,223226.78,213436.12,,,,,,,,,,,,,,,
h6,[H]C(CC1=CN=CN1)(C(NC(CC2=CN=CN2)(C(NC(CC3=CN=CN3)(C(NC(CC4=CN=CN4)(C(NC(CC5=CN=CN5)(C(NC(CC6=CN=CN6)(C(N)=O)[H])=O)[H])=O)[H])=O)[H])=O)[H])=O)NC(C)=O,10,24,262389.38,219310.52,140985.33,,,,,,,,,,,,,,,
h6,[H]C(CC1=CN=CN1)(C(NC(CC2=CN=CN2)(C(NC(CC3=CN=CN3)(C(NC(CC4=CN=CN4)(C(NC(CC5=CN=CN5)(C(NC(CC6=CN=CN6)(C(N)=O)[H])=O)[H])=O)[H])=O)[H])=O)[H])=O)NC(C)=O,20,24,101822.74,146859.72,209519.88,,,,,,,,,,,,,,,
h6,[H]C(CC1=CN=CN1)(C(NC(CC2=CN=CN2)(C(NC(CC3=CN=CN3)(C(NC(CC4=CN=CN4)(C(NC(CC5=CN=CN5)(C(NC(CC6=CN=CN6)(C(N)=O)[H])=O)[H])=O)[H])=O)[H])=O)[H])=O)NC(C)=O,50,24,575690.12,131194.69,121404.04,,,,,,,,,,,,,,,
h6,[H]C(CC1=CN=CN1)(C(NC(CC2=CN=CN2)(C(NC(CC3=CN=CN3)(C(NC(CC4=CN=CN4)(C(NC(CC5=CN=CN5)(C(NC(CC6=CN=CN6)(C(N)=O)[H])=O)[H])=O)[H])=O)[H])=O)[H])=O)NC(C)=O,100,24,88115.836,70492.664,84199.578,,,,,,,,,,,,,,,
h7,[H]C(CC1=CN=CN1)(C(NC(CC2=CN=CN2)(C(NC(CC3=CN=CN3)(C(NC(CC4=CN=CN4)(C(NC(CC5=CN=CN5)(C(NC(CC6=CN=CN6)(C(NC(CC7=CN=CN7)C(N)=O)=O)[H])=O)[H])=O)[H])=O)[H])=O)[H])=O)NC(C)=O,5,24,168399.16,127278.43,268263.75,,,,,,,,,,,,,,,
h7,[H]C(CC1=CN=CN1)(C(NC(CC2=CN=CN2)(C(NC(CC3=CN=CN3)(C(NC(CC4=CN=CN4)(C(NC(CC5=CN=CN5)(C(NC(CC6=CN=CN6)(C(NC(CC7=CN=CN7)C(N)=O)=O)[H])=O)[H])=O)[H])=O)[H])=O)[H])=O)NC(C)=O,10,24,144901.59,164482.89,166441.02,,,,,,,,,,,,,,,
h7,[H]C(CC1=CN=CN1)(C(NC(CC2=CN=CN2)(C(NC(CC3=CN=CN3)(C(NC(CC4=CN=CN4)(C(NC(CC5=CN=CN5)(C(NC(CC6=CN=CN6)(C(NC(CC7=CN=CN7)C(N)=O)=O)[H])=O)[H])=O)[H])=O)[H])=O)[H])=O)NC(C)=O,20,24,191896.7,305468.22,109655.26,,,,,,,,,,,,,,,
h7,[H]C(CC1=CN=CN1)(C(NC(CC2=CN=CN2)(C(NC(CC3=CN=CN3)(C(NC(CC4=CN=CN4)(C(NC(CC5=CN=CN5)(C(NC(CC6=CN=CN6)(C(NC(CC7=CN=CN7)C(N)=O)=O)[H])=O)[H])=O)[H])=O)[H])=O)[H])=O)NC(C)=O,50,24,121404.04,66576.406,80283.312,,,,,,,,,,,,,,,
h7,[H]C(CC1=CN=CN1)(C(NC(CC2=CN=CN2)(C(NC(CC3=CN=CN3)(C(NC(CC4=CN=CN4)(C(NC(CC5=CN=CN5)(C(NC(CC6=CN=CN6)(C(NC(CC7=CN=CN7)C(N)=O)=O)[H])=O)[H])=O)[H])=O)[H])=O)[H])=O)NC(C)=O,100,24,80283.312,76367.055,92032.094,,,,,,,,,,,,,,,
h8,[H]C(CC1=CN=CN1)(C(NC(CC2=CN=CN2)(C(NC(CC3=CN=CN3)(C(NC(CC4=CN=CN4)(C(NC(CC5=CN=CN5)(C(NC(CC6=CN=CN6)(C(NC(CC7=CN=CN7)C(NC(CC8=CN=CN8)C(N)=O)=O)=O)[H])=O)[H])=O)[H])=O)[H])=O)[H])=O)NC(C)=O,5,24,172315.41,242808.08,233017.42,,,,,,,,,,,,,,,
h8,[H]C(CC1=CN=CN1)(C(NC(CC2=CN=CN2)(C(NC(CC3=CN=CN3)(C(NC(CC4=CN=CN4)(C(NC(CC5=CN=CN5)(C(NC(CC6=CN=CN6)(C(NC(CC7=CN=CN7)C(NC(CC8=CN=CN8)C(N)=O)=O)=O)[H])=O)[H])=O)[H])=O)[H])=O)[H])=O)NC(C)=O,10,24,524778.75,624643.38,276096.28,,,,,,,,,,,,,,,
h8,[H]C(CC1=CN=CN1)(C(NC(CC2=CN=CN2)(C(NC(CC3=CN=CN3)(C(NC(CC4=CN=CN4)(C(NC(CC5=CN=CN5)(C(NC(CC6=CN=CN6)(C(NC(CC7=CN=CN7)C(NC(CC8=CN=CN8)C(N)=O)=O)=O)[H])=O)[H])=O)[H])=O)[H])=O)[H])=O)NC(C)=O,20,24,738214.88,544360.06,342672.69,,,,,,,,,,,,,,,
h8,[H]C(CC1=CN=CN1)(C(NC(CC2=CN=CN2)(C(NC(CC3=CN=CN3)(C(NC(CC4=CN=CN4)(C(NC(CC5=CN=CN5)(C(NC(CC6=CN=CN6)(C(NC(CC7=CN=CN7)C(NC(CC8=CN=CN8)C(N)=O)=O)=O)[H])=O)[H])=O)[H])=O)[H])=O)[H])=O)NC(C)=O,50,24,129236.55,1059348.1,1535173.6,,,,,,,,,,,,,,,
h8,[H]C(CC1=CN=CN1)(C(NC(CC2=CN=CN2)(C(NC(CC3=CN=CN3)(C(NC(CC4=CN=CN4)(C(NC(CC5=CN=CN5)(C(NC(CC6=CN=CN6)(C(NC(CC7=CN=CN7)C(NC(CC8=CN=CN8)C(N)=O)=O)=O)[H])=O)[H])=O)[H])=O)[H])=O)[H])=O)NC(C)=O,100,24,753879.94,268263.75,417081.62,,,,,,,,,,,,,,,
FH8,CC(NC(CC1=CN=CN1)C(NC(CC2=CN=CN2)C(NCCCCC(C(NC(C(NC(C(NC(C(NC(C(N)=O)([H])CC3=CN=CN3)=O)([H])CC4=CN=CN4)=O)([H])CCCCNC(C(NC(C(NC(C)=O)CC5=CN=CN5)=O)CC6=CN=CN6)=O)=O)([H])CC7=CN=CN7)=O)([H])NC(C(CC8=CN=CN8)([H])NC(C)=O)=O)=O)=O)=O,5,24,123362.16,86157.703,78325.188,,,,,,,,,,,,,,,
FH8,CC(NC(CC1=CN=CN1)C(NC(CC2=CN=CN2)C(NCCCCC(C(NC(C(NC(C(NC(C(NC(C(N)=O)([H])CC3=CN=CN3)=O)([H])CC4=CN=CN4)=O)([H])CCCCNC(C(NC(C(NC(C)=O)CC5=CN=CN5)=O)CC6=CN=CN6)=O)=O)([H])CC7=CN=CN7)=O)([H])NC(C(CC8=CN=CN8)([H])NC(C)=O)=O)=O)=O)=O,10,24,199729.22,111613.39,162524.77,,,,,,,,,,,,,,,
FH8,CC(NC(CC1=CN=CN1)C(NC(CC2=CN=CN2)C(NCCCCC(C(NC(C(NC(C(NC(C(NC(C(N)=O)([H])CC3=CN=CN3)=O)([H])CC4=CN=CN4)=O)([H])CCCCNC(C(NC(C(NC(C)=O)CC5=CN=CN5)=O)CC6=CN=CN6)=O)=O)([H])CC7=CN=CN7)=O)([H])NC(C(CC8=CN=CN8)([H])NC(C)=O)=O)=O)=O)=O,20,24,129236.55,99864.609,135110.94,,,,,,,,,,,,,,,
FH8,CC(NC(CC1=CN=CN1)C(NC(CC2=CN=CN2)C(NCCCCC(C(NC(C(NC(C(NC(C(NC(C(N)=O)([H])CC3=CN=CN3)=O)([H])CC4=CN=CN4)=O)([H])CCCCNC(C(NC(C(NC(C)=O)CC5=CN=CN5)=O)CC6=CN=CN6)=O)=O)([H])CC7=CN=CN7)=O)([H])NC(C(CC8=CN=CN8)([H])NC(C)=O)=O)=O)=O)=O,50,24,113571.52,74408.93,74408.93,,,,,,,,,,,,,,,
FH8,CC(NC(CC1=CN=CN1)C(NC(CC2=CN=CN2)C(NCCCCC(C(NC(C(NC(C(NC(C(NC(C(N)=O)([H])CC3=CN=CN3)=O)([H])CC4=CN=CN4)=O)([H])CCCCNC(C(NC(C(NC(C)=O)CC5=CN=CN5)=O)CC6=CN=CN6)=O)=O)([H])CC7=CN=CN7)=O)([H])NC(C(CC8=CN=CN8)([H])NC(C)=O)=O)=O)=O)=O,100,24,90073.961,76367.055,66576.406,,,,,,,,,,,,,,,
F2H8,[H]C(CC1=CN=CN1)(C(NC(CC2=CN=CN2)(C(NC(CCCCNC(C(CC3=CN=CN3)NC(C(CC4=CN=CN4)NC(C)=O)=O)=O)(C(NC(CCCCNC(C(CC5=CN=CN5)NC(C(CC6=CN=CN6)NC(C)=O)=O)=O)(C(NC(CC7=CN=CN7)(C(NC(CC8=CN=CN8)(C(N)=O)[H])=O)[H])=O)[H])=O)[H])=O)[H])=O)NC(C)=O,5,24,548276.31,103780.87,456244.22,,,,,,,,,,,,,,,
F2H8,[H]C(CC1=CN=CN1)(C(NC(CC2=CN=CN2)(C(NC(CCCCNC(C(CC3=CN=CN3)NC(C(CC4=CN=CN4)NC(C)=O)=O)=O)(C(NC(CCCCNC(C(CC5=CN=CN5)NC(C(CC6=CN=CN6)NC(C)=O)=O)=O)(C(NC(CC7=CN=CN7)(C(NC(CC8=CN=CN8)(C(N)=O)[H])=O)[H])=O)[H])=O)[H])=O)[H])=O)NC(C)=O,10,24,947734.75,1000604.2,1842600,,,,,,,,,,,,,,,
F2H8,[H]C(CC1=CN=CN1)(C(NC(CC2=CN=CN2)(C(NC(CCCCNC(C(CC3=CN=CN3)NC(C(CC4=CN=CN4)NC(C)=O)=O)=O)(C(NC(CCCCNC(C(CC5=CN=CN5)NC(C(CC6=CN=CN6)NC(C)=O)=O)=O)(C(NC(CC7=CN=CN7)(C(NC(CC8=CN=CN8)(C(N)=O)[H])=O)[H])=O)[H])=O)[H])=O)[H])=O)NC(C)=O,20,24,473867.38,285886.94,125320.3,,,,,,,,,,,,,,,
F2H8,[H]C(CC1=CN=CN1)(C(NC(CC2=CN=CN2)(C(NC(CCCCNC(C(CC3=CN=CN3)NC(C(CC4=CN=CN4)NC(C)=O)=O)=O)(C(NC(CCCCNC(C(CC5=CN=CN5)NC(C(CC6=CN=CN6)NC(C)=O)=O)=O)(C(NC(CC7=CN=CN7)(C(NC(CC8=CN=CN8)(C(N)=O)[H])=O)[H])=O)[H])=O)[H])=O)[H])=O)NC(C)=O,50,24,80283.312,109655.26,583522.62,,,,,,,,,,,,,,,
F2H8,[H]C(CC1=CN=CN1)(C(NC(CC2=CN=CN2)(C(NC(CCCCNC(C(CC3=CN=CN3)NC(C(CC4=CN=CN4)NC(C)=O)=O)=O)(C(NC(CCCCNC(C(CC5=CN=CN5)NC(C(CC6=CN=CN6)NC(C)=O)=O)=O)(C(NC(CC7=CN=CN7)(C(NC(CC8=CN=CN8)(C(N)=O)[H])=O)[H])=O)[H])=O)[H])=O)[H])=O)NC(C)=O,100,24,68534.539,72450.797,244766.2,,,,,,,,,,,,,,,
F3H8,[H]C(CC1=CN=CN1)(C(NC(CC2=CN=CN2)(C(NC(CCCCNC(C(CC3=CN=CN3)NC(C(NC(C(CC4=CN=CN4)NC(C(NC(C)=O)CC5=CN=CN5)=O)=O)CC6=CN=CN6)=O)=O)(C(NC(CC7=CN=CN7)(C(NC(CC8=CN=CN8)(C(N)=O)[H])=O)[H])=O)[H])=O)[H])=O)NC(C)=O,5,24,84199.578,822414.44,295677.56,,,,,,,,,,,,,,,
F3H8,[H]C(CC1=CN=CN1)(C(NC(CC2=CN=CN2)(C(NC(CCCCNC(C(CC3=CN=CN3)NC(C(NC(C(CC4=CN=CN4)NC(C(NC(C)=O)CC5=CN=CN5)=O)=O)CC6=CN=CN6)=O)=O)(C(NC(CC7=CN=CN7)(C(NC(CC8=CN=CN8)(C(N)=O)[H])=O)[H])=O)[H])=O)[H])=O)NC(C)=O,10,24,2698302.8,268263.75,1590001.2,,,,,,,,,,,,,,,
F3H8,[H]C(CC1=CN=CN1)(C(NC(CC2=CN=CN2)(C(NC(CCCCNC(C(CC3=CN=CN3)NC(C(NC(C(CC4=CN=CN4)NC(C(NC(C)=O)CC5=CN=CN5)=O)=O)CC6=CN=CN6)=O)=O)(C(NC(CC7=CN=CN7)(C(NC(CC8=CN=CN8)(C(N)=O)[H])=O)[H])=O)[H])=O)[H])=O)NC(C)=O,20,24,796958.75,370086.5,374002.75,,,,,,,,,,,,,,,
F3H8,[H]C(CC1=CN=CN1)(C(NC(CC2=CN=CN2)(C(NC(CCCCNC(C(CC3=CN=CN3)NC(C(NC(C(CC4=CN=CN4)NC(C(NC(C)=O)CC5=CN=CN5)=O)=O)CC6=CN=CN6)=O)=O)(C(NC(CC7=CN=CN7)(C(NC(CC8=CN=CN8)(C(N)=O)[H])=O)[H])=O)[H])=O)[H])=O)NC(C)=O,50,24,947734.75,2189189,536527.5,,,,,,,,,,,,,,,
F3H8,[H]C(CC1=CN=CN1)(C(NC(CC2=CN=CN2)(C(NC(CCCCNC(C(CC3=CN=CN3)NC(C(NC(C(CC4=CN=CN4)NC(C(NC(C)=O)CC5=CN=CN5)=O)=O)CC6=CN=CN6)=O)=O)(C(NC(CC7=CN=CN7)(C(NC(CC8=CN=CN8)(C(N)=O)[H])=O)[H])=O)[H])=O)[H])=O)NC(C)=O,100,24,330923.91,528695,323091.38,,,,,,,,,,,,,,,
H9,[H]C(CC1=CN=CN1)(C(NC(CC2=CN=CN2)(C(NC(CC3=CN=CN3)(C(NC(CC4=CN=CN4)(C(NC(CC5=CN=CN5)(C(NC(CC6=CN=CN6)(C(NC(CC7=CN=CN7)C(NC(CC8=CN=CN8)C(NC(CC9=CN=CN9)C(N)=O)=O)=O)=O)[H])=O)[H])=O)[H])=O)[H])=O)[H])=O)NC(C)=O,5,24,101822.74,140985.33,221268.66,,,,,,,,,,,,,,,
H9,[H]C(CC1=CN=CN1)(C(NC(CC2=CN=CN2)(C(NC(CC3=CN=CN3)(C(NC(CC4=CN=CN4)(C(NC(CC5=CN=CN5)(C(NC(CC6=CN=CN6)(C(NC(CC7=CN=CN7)C(NC(CC8=CN=CN8)C(NC(CC9=CN=CN9)C(N)=O)=O)=O)=O)[H])=O)[H])=O)[H])=O)[H])=O)[H])=O)NC(C)=O,10,24,415123.47,178189.8,366170.25,,,,,,,,,,,,,,,
H9,[H]C(CC1=CN=CN1)(C(NC(CC2=CN=CN2)(C(NC(CC3=CN=CN3)(C(NC(CC4=CN=CN4)(C(NC(CC5=CN=CN5)(C(NC(CC6=CN=CN6)(C(NC(CC7=CN=CN7)C(NC(CC8=CN=CN8)C(NC(CC9=CN=CN9)C(N)=O)=O)=O)=O)[H])=O)[H])=O)[H])=O)[H])=O)[H])=O)NC(C)=O,20,24,464076.72,258473.11,193854.83,,,,,,,,,,,,,,,
H9,[H]C(CC1=CN=CN1)(C(NC(CC2=CN=CN2)(C(NC(CC3=CN=CN3)(C(NC(CC4=CN=CN4)(C(NC(CC5=CN=CN5)(C(NC(CC6=CN=CN6)(C(NC(CC7=CN=CN7)C(NC(CC8=CN=CN8)C(NC(CC9=CN=CN9)C(N)=O)=O)=O)=O)[H])=O)[H])=O)[H])=O)[H])=O)[H])=O)NC(C)=O,50,24,131194.69,93990.219,160566.62,,,,,,,,,,,,,,,
H9,[H]C(CC1=CN=CN1)(C(NC(CC2=CN=CN2)(C(NC(CC3=CN=CN3)(C(NC(CC4=CN=CN4)(C(NC(CC5=CN=CN5)(C(NC(CC6=CN=CN6)(C(NC(CC7=CN=CN7)C(NC(CC8=CN=CN8)C(NC(CC9=CN=CN9)C(N)=O)=O)=O)=O)[H])=O)[H])=O)[H])=O)[H])=O)[H])=O)NC(C)=O,100,24,86157.703,66576.406,93990.219,,,,,,,,,,,,,,,
H10,[H]C(CC1=CN=CN1)(C(NC(CC2=CN=CN2)(C(NC(CC3=CN=CN3)(C(NC(CC4=CN=CN4)(C(NC(CC5=CN=CN5)(C(NC(CC6=CN=CN6)(C(NC(CC7=CN=CN7)C(NC(CC8=CN=CN8)C(NC(CC9=CN=CN9)C(NC(CC%10=CN=CN%10)C(N)=O)=O)=O)=O)=O)[H])=O)[H])=O)[H])=O)[H])=O)[H])=O)NC(C)=O,5,24,456244.22,855702.62,655973.44,,,,,,,,,,,,,,,
H10,[H]C(CC1=CN=CN1)(C(NC(CC2=CN=CN2)(C(NC(CC3=CN=CN3)(C(NC(CC4=CN=CN4)(C(NC(CC5=CN=CN5)(C(NC(CC6=CN=CN6)(C(NC(CC7=CN=CN7)C(NC(CC8=CN=CN8)C(NC(CC9=CN=CN9)C(NC(CC%10=CN=CN%10)C(N)=O)=O)=O)=O)=O)[H])=O)[H])=O)[H])=O)[H])=O)[H])=O)NC(C)=O,10,24,440579.16,233017.42,260431.23,,,,,,,,,,,,,,,
H10,[H]C(CC1=CN=CN1)(C(NC(CC2=CN=CN2)(C(NC(CC3=CN=CN3)(C(NC(CC4=CN=CN4)(C(NC(CC5=CN=CN5)(C(NC(CC6=CN=CN6)(C(NC(CC7=CN=CN7)C(NC(CC8=CN=CN8)C(NC(CC9=CN=CN9)C(NC(CC%10=CN=CN%10)C(N)=O)=O)=O)=O)=O)[H])=O)[H])=O)[H])=O)[H])=O)[H])=O)NC(C)=O,20,24,262389.38,657931.56,270221.88,,,,,,,,,,,,,,,
H10,[H]C(CC1=CN=CN1)(C(NC(CC2=CN=CN2)(C(NC(CC3=CN=CN3)(C(NC(CC4=CN=CN4)(C(NC(CC5=CN=CN5)(C(NC(CC6=CN=CN6)(C(NC(CC7=CN=CN7)C(NC(CC8=CN=CN8)C(NC(CC9=CN=CN9)C(NC(CC%10=CN=CN%10)C(N)=O)=O)=O)=O)=O)[H])=O)[H])=O)[H])=O)[H])=O)[H])=O)NC(C)=O,50,24,154692.23,187980.44,227143.03,,,,,,,,,,,,,,,
H10,[H]C(CC1=CN=CN1)(C(NC(CC2=CN=CN2)(C(NC(CC3=CN=CN3)(C(NC(CC4=CN=CN4)(C(NC(CC5=CN=CN5)(C(NC(CC6=CN=CN6)(C(NC(CC7=CN=CN7)C(NC(CC8=CN=CN8)C(NC(CC9=CN=CN9)C(NC(CC%10=CN=CN%10)C(N)=O)=O)=O)=O)=O)[H])=O)[H])=O)[H])=O)[H])=O)[H])=O)NC(C)=O,100,24,319175.12,158608.5,119445.91,,,,,,,,,,,,,,,
F1H10,[H]C(CC1=CN=CN1)(C(NC(CC2=CN=CN2)(C(NC(CC3=CN=CN3)(C(NC(CC4=CN=CN4)(C(NC(CCCCNC(C(CC5=CN=CN5)NC(C)=O)=O)(C(NC(CCCCNC(C(CC6=CN=CN6)NC(C)=O)=O)(C(N[C@@](CC7=CN=CN7)(C(NC(CC8=CN=CN8)(C(N[C@@](CC9=CN=CN9)(C(NC(CC%10=CN=CN%10)(C(N)=O)[H])=O)[H])=O)[H])=O)[H])=O)[H])=O)[H])=O)[H])=O)[H])=O)[H])=O)NC(C)=O,5,24,1633080.1,648140.94,12733717,,,,,,,,,,,,,,,
F1H10,[H]C(CC1=CN=CN1)(C(NC(CC2=CN=CN2)(C(NC(CC3=CN=CN3)(C(NC(CC4=CN=CN4)(C(NC(CCCCNC(C(CC5=CN=CN5)NC(C)=O)=O)(C(NC(CCCCNC(C(CC6=CN=CN6)NC(C)=O)=O)(C(N[C@@](CC7=CN=CN7)(C(NC(CC8=CN=CN8)(C(N[C@@](CC9=CN=CN9)(C(NC(CC%10=CN=CN%10)(C(N)=O)[H])=O)[H])=O)[H])=O)[H])=O)[H])=O)[H])=O)[H])=O)[H])=O)[H])=O)NC(C)=O,10,24,93990.219,1776023.6,2651307.5,,,,,,,,,,,,,,,
F1H10,[H]C(CC1=CN=CN1)(C(NC(CC2=CN=CN2)(C(NC(CC3=CN=CN3)(C(NC(CC4=CN=CN4)(C(NC(CCCCNC(C(CC5=CN=CN5)NC(C)=O)=O)(C(NC(CCCCNC(C(CC6=CN=CN6)NC(C)=O)=O)(C(N[C@@](CC7=CN=CN7)(C(NC(CC8=CN=CN8)(C(N[C@@](CC9=CN=CN9)(C(NC(CC%10=CN=CN%10)(C(N)=O)[H])=O)[H])=O)[H])=O)[H])=O)[H])=O)[H])=O)[H])=O)[H])=O)[H])=O)NC(C)=O,20,24,266305.62,679471,436662.91,,,,,,,,,,,,,,,
F1H10,[H]C(CC1=CN=CN1)(C(NC(CC2=CN=CN2)(C(NC(CC3=CN=CN3)(C(NC(CC4=CN=CN4)(C(NC(CCCCNC(C(CC5=CN=CN5)NC(C)=O)=O)(C(NC(CCCCNC(C(CC6=CN=CN6)NC(C)=O)=O)(C(N[C@@](CC7=CN=CN7)(C(NC(CC8=CN=CN8)(C(N[C@@](CC9=CN=CN9)(C(NC(CC%10=CN=CN%10)(C(N)=O)[H])=O)[H])=O)[H])=O)[H])=O)[H])=O)[H])=O)[H])=O)[H])=O)[H])=O)NC(C)=O,50,24,266305.62,101822.74,193854.83,,,,,,,,,,,,,,,
F1H10,[H]C(CC1=CN=CN1)(C(NC(CC2=CN=CN2)(C(NC(CC3=CN=CN3)(C(NC(CC4=CN=CN4)(C(NC(CCCCNC(C(CC5=CN=CN5)NC(C)=O)=O)(C(NC(CCCCNC(C(CC6=CN=CN6)NC(C)=O)=O)(C(N[C@@](CC7=CN=CN7)(C(NC(CC8=CN=CN8)(C(N[C@@](CC9=CN=CN9)(C(NC(CC%10=CN=CN%10)(C(N)=O)[H])=O)[H])=O)[H])=O)[H])=O)[H])=O)[H])=O)[H])=O)[H])=O)[H])=O)NC(C)=O,100,24,152734.11,99864.609,131194.69,,,,,,,,,,,,,,,
F2H10,[H]C(CC1=CN=CN1)(C(NC(CC2=CN=CN2)(C(NC(CC3=CN=CN3)(C(NC(CCCCNC(C(CC4=CN=CN4)NC(C(CC5=CN=CN5)NC(C)=O)=O)=O)(C(NC(CCCCNC(C(CC6=CN=CN6)NC(C(CC7=CN=CN7)NC(C)=O)=O)=O)(C(NC(CC8=CN=CN8)(C(NC(CC9=CN=CN9)(C(NC(CC%10=CN=CN%10)(C(N)=O)[H])=O)[H])=O)[H])=O)[H])=O)[H])=O)[H])=O)[H])=O)NC(C)=O,5,24,1909176.4,1000604.2,3518759,,,,,,,,,,,,,,,
F2H10,[H]C(CC1=CN=CN1)(C(NC(CC2=CN=CN2)(C(NC(CC3=CN=CN3)(C(NC(CCCCNC(C(CC4=CN=CN4)NC(C(CC5=CN=CN5)NC(C)=O)=O)=O)(C(NC(CCCCNC(C(CC6=CN=CN6)NC(C(CC7=CN=CN7)NC(C)=O)=O)=O)(C(NC(CC8=CN=CN8)(C(NC(CC9=CN=CN9)(C(NC(CC%10=CN=CN%10)(C(N)=O)[H])=O)[H])=O)[H])=O)[H])=O)[H])=O)[H])=O)[H])=O)NC(C)=O,10,24,430788.53,2112822,1533215.5,,,,,,,,,,,,,,,
F2H10,[H]C(CC1=CN=CN1)(C(NC(CC2=CN=CN2)(C(NC(CC3=CN=CN3)(C(NC(CCCCNC(C(CC4=CN=CN4)NC(C(CC5=CN=CN5)NC(C)=O)=O)=O)(C(NC(CCCCNC(C(CC6=CN=CN6)NC(C(CC7=CN=CN7)NC(C)=O)=O)=O)(C(NC(CC8=CN=CN8)(C(NC(CC9=CN=CN9)(C(NC(CC%10=CN=CN%10)(C(N)=O)[H])=O)[H])=O)[H])=O)[H])=O)[H])=O)[H])=O)[H])=O)NC(C)=O,20,24,270221.88,348547.06,1431392.8,,,,,,,,,,,,,,,
F2H10,[H]C(CC1=CN=CN1)(C(NC(CC2=CN=CN2)(C(NC(CC3=CN=CN3)(C(NC(CCCCNC(C(CC4=CN=CN4)NC(C(CC5=CN=CN5)NC(C)=O)=O)=O)(C(NC(CCCCNC(C(CC6=CN=CN6)NC(C(CC7=CN=CN7)NC(C)=O)=O)=O)(C(NC(CC8=CN=CN8)(C(NC(CC9=CN=CN9)(C(NC(CC%10=CN=CN%10)(C(N)=O)[H])=O)[H])=O)[H])=O)[H])=O)[H])=O)[H])=O)[H])=O)NC(C)=O,50,24,142943.47,272180.03,440579.16,,,,,,,,,,,,,,,
F2H10,[H]C(CC1=CN=CN1)(C(NC(CC2=CN=CN2)(C(NC(CC3=CN=CN3)(C(NC(CCCCNC(C(CC4=CN=CN4)NC(C(CC5=CN=CN5)NC(C)=O)=O)=O)(C(NC(CCCCNC(C(CC6=CN=CN6)NC(C(CC7=CN=CN7)NC(C)=O)=O)=O)(C(NC(CC8=CN=CN8)(C(NC(CC9=CN=CN9)(C(NC(CC%10=CN=CN%10)(C(N)=O)[H])=O)[H])=O)[H])=O)[H])=O)[H])=O)[H])=O)[H])=O)NC(C)=O,100,24,125320.3,99864.609,113571.52,,,,,,,,,,,,,,,
F3H10,[H]C(CC1=CN=CN1)(C(NC(CCCCNC(C(CC2=CN=CN2)NC(C(CC3=NC=CN3)NC(C)=O)=O)=O)(C(NC(CC4=CN=CN4)(C(NC(CC5=CN=CN5)(C(NC(CC6=CN=CN6)(C(NC(CC7=CN=CN7)(C(NC(CCCCNC(C(CC8=CN=CN8)NC(C(CC9=CN=CN9)NC(C)=O)=O)=O)(C(NC(CC%10=CN=CN%10)(C(N)=O)[H])=O)[H])=O)[H])=O)[H])=O)[H])=O)[H])=O)[H])=O)NC(C)=O,5,24,4601604.5,1069138.8,675554.75,,,,,,,,,,,,,,,
F3H10,[H]C(CC1=CN=CN1)(C(NC(CCCCNC(C(CC2=CN=CN2)NC(C(CC3=NC=CN3)NC(C)=O)=O)=O)(C(NC(CC4=CN=CN4)(C(NC(CC5=CN=CN5)(C(NC(CC6=CN=CN6)(C(NC(CC7=CN=CN7)(C(NC(CCCCNC(C(CC8=CN=CN8)NC(C(CC9=CN=CN9)NC(C)=O)=O)=O)(C(NC(CC%10=CN=CN%10)(C(N)=O)[H])=O)[H])=O)[H])=O)[H])=O)[H])=O)[H])=O)[H])=O)NC(C)=O,10,24,328965.78,994729.88,796958.75,,,,,,,,,,,,,,,
F3H10,[H]C(CC1=CN=CN1)(C(NC(CCCCNC(C(CC2=CN=CN2)NC(C(CC3=NC=CN3)NC(C)=O)=O)=O)(C(NC(CC4=CN=CN4)(C(NC(CC5=CN=CN5)(C(NC(CC6=CN=CN6)(C(NC(CC7=CN=CN7)(C(NC(CCCCNC(C(CC8=CN=CN8)NC(C(CC9=CN=CN9)NC(C)=O)=O)=O)(C(NC(CC%10=CN=CN%10)(C(N)=O)[H])=O)[H])=O)[H])=O)[H])=O)[H])=O)[H])=O)[H])=O)NC(C)=O,20,24,3187835,845912,3097761,,,,,,,,,,,,,,,
F3H10,[H]C(CC1=CN=CN1)(C(NC(CCCCNC(C(CC2=CN=CN2)NC(C(CC3=NC=CN3)NC(C)=O)=O)=O)(C(NC(CC4=CN=CN4)(C(NC(CC5=CN=CN5)(C(NC(CC6=CN=CN6)(C(NC(CC7=CN=CN7)(C(NC(CCCCNC(C(CC8=CN=CN8)NC(C(CC9=CN=CN9)NC(C)=O)=O)=O)(C(NC(CC%10=CN=CN%10)(C(N)=O)[H])=O)[H])=O)[H])=O)[H])=O)[H])=O)[H])=O)[H])=O)NC(C)=O,50,24,101822.74,74408.93,129236.55,,,,,,,,,,,,,,,
F3H10,[H]C(CC1=CN=CN1)(C(NC(CCCCNC(C(CC2=CN=CN2)NC(C(CC3=NC=CN3)NC(C)=O)=O)=O)(C(NC(CC4=CN=CN4)(C(NC(CC5=CN=CN5)(C(NC(CC6=CN=CN6)(C(NC(CC7=CN=CN7)(C(NC(CCCCNC(C(CC8=CN=CN8)NC(C(CC9=CN=CN9)NC(C)=O)=O)=O)(C(NC(CC%10=CN=CN%10)(C(N)=O)[H])=O)[H])=O)[H])=O)[H])=O)[H])=O)[H])=O)[H])=O)NC(C)=O,100,24,123362.16,70492.664,76367.055,,,,,,,,,,,,,,,
F4H10,[H][C@](CC1=CN=CN1)(C(N[C@@](CC2=CN=CN2)(C(N[C@@](CC3=CN=CN3)(C(N[C@@](CCCCNC(C(CC4=CN=CN4)NC(C(CC5=CN=CN5)NC(C(CC6=CN=CN6)NC(C(CC7=CN=CN7)NC(C)=O)=O)=O)=O)=O)(C(N[C@@](CC8=CN=CN8)(C(N[C@@](CC9=CN=CN9)(C(N[C@@](CC%10=CN=CN%10)(C(N[C@@](CC%11=CN=CN%11)(C(N)=O)[H])=O)[H])=O)[H])=O)[H])=O)[H])=O)[H])=O)[H])=O)NC(C)=O,5,24,687303.5,246724.33,1468597.2,,,,,,,,,,,,,,,
F4H10,[H][C@](CC1=CN=CN1)(C(N[C@@](CC2=CN=CN2)(C(N[C@@](CC3=CN=CN3)(C(N[C@@](CCCCNC(C(CC4=CN=CN4)NC(C(CC5=CN=CN5)NC(C(CC6=CN=CN6)NC(C(CC7=CN=CN7)NC(C)=O)=O)=O)=O)=O)(C(N[C@@](CC8=CN=CN8)(C(N[C@@](CC9=CN=CN9)(C(N[C@@](CC%10=CN=CN%10)(C(N[C@@](CC%11=CN=CN%11)(C(N)=O)[H])=O)[H])=O)[H])=O)[H])=O)[H])=O)[H])=O)[H])=O)NC(C)=O,10,24,248682.47,64618.277,80283.312,,,,,,,,,,,,,,,
F4H10,[H][C@](CC1=CN=CN1)(C(N[C@@](CC2=CN=CN2)(C(N[C@@](CC3=CN=CN3)(C(N[C@@](CCCCNC(C(CC4=CN=CN4)NC(C(CC5=CN=CN5)NC(C(CC6=CN=CN6)NC(C(CC7=CN=CN7)NC(C)=O)=O)=O)=O)=O)(C(N[C@@](CC8=CN=CN8)(C(N[C@@](CC9=CN=CN9)(C(N[C@@](CC%10=CN=CN%10)(C(N[C@@](CC%11=CN=CN%11)(C(N)=O)[H])=O)[H])=O)[H])=O)[H])=O)[H])=O)[H])=O)[H])=O)NC(C)=O,20,24,99864.609,76367.055,209519.88,,,,,,,,,,,,,,,
F4H10,[H][C@](CC1=CN=CN1)(C(N[C@@](CC2=CN=CN2)(C(N[C@@](CC3=CN=CN3)(C(N[C@@](CCCCNC(C(CC4=CN=CN4)NC(C(CC5=CN=CN5)NC(C(CC6=CN=CN6)NC(C(CC7=CN=CN7)NC(C)=O)=O)=O)=O)=O)(C(N[C@@](CC8=CN=CN8)(C(N[C@@](CC9=CN=CN9)(C(N[C@@](CC%10=CN=CN%10)(C(N[C@@](CC%11=CN=CN%11)(C(N)=O)[H])=O)[H])=O)[H])=O)[H])=O)[H])=O)[H])=O)[H])=O)NC(C)=O,50,24,80283.312,62660.148,90073.961,,,,,,,,,,,,,,,
F4H10,[H][C@](CC1=CN=CN1)(C(N[C@@](CC2=CN=CN2)(C(N[C@@](CC3=CN=CN3)(C(N[C@@](CCCCNC(C(CC4=CN=CN4)NC(C(CC5=CN=CN5)NC(C(CC6=CN=CN6)NC(C(CC7=CN=CN7)NC(C)=O)=O)=O)=O)=O)(C(N[C@@](CC8=CN=CN8)(C(N[C@@](CC9=CN=CN9)(C(N[C@@](CC%10=CN=CN%10)(C(N[C@@](CC%11=CN=CN%11)(C(N)=O)[H])=O)[H])=O)[H])=O)[H])=O)[H])=O)[H])=O)[H])=O)NC(C)=O,100,24,467992.97,168399.16,315258.88,,,,,,,,,,,,,,,
F5H10,[H]C(C(NC(C(NC(C(NC(C(NC(C(NC(C(NC(C(NC(C(NC(C(NC(C(O)=O)CC1=CN=CN1)=O)CC2=CN=CN2)=O)CC3=CN=CN3)=O)CC4=CN=CN4)=O)([H])CC5=CN=CN5)=O)([H])CC6=CN=CN6)=O)([H])CC7=CN=CN7)=O)([H])CC8=CN=CN8)=O)([H])CC9=CN=CN9)=O)(N)CC%10=CN=CN%10,5,24,272180.03,315258.88,127278.43,,,,,,,,,,,,,,,
F5H10,[H]C(C(NC(C(NC(C(NC(C(NC(C(NC(C(NC(C(NC(C(NC(C(NC(C(O)=O)CC1=CN=CN1)=O)CC2=CN=CN2)=O)CC3=CN=CN3)=O)CC4=CN=CN4)=O)([H])CC5=CN=CN5)=O)([H])CC6=CN=CN6)=O)([H])CC7=CN=CN7)=O)([H])CC8=CN=CN8)=O)([H])CC9=CN=CN9)=O)(N)CC%10=CN=CN%10,10,24,111613.39,246724.33,309384.47,810665.69,,,,,,,,,,,,,,
F5H10,[H]C(C(NC(C(NC(C(NC(C(NC(C(NC(C(NC(C(NC(C(NC(C(NC(C(O)=O)CC1=CN=CN1)=O)CC2=CN=CN2)=O)CC3=CN=CN3)=O)CC4=CN=CN4)=O)([H])CC5=CN=CN5)=O)([H])CC6=CN=CN6)=O)([H])CC7=CN=CN7)=O)([H])CC8=CN=CN8)=O)([H])CC9=CN=CN9)=O)(N)CC%10=CN=CN%10,20,24,74408.93,66576.406,86157.703,,,,,,,,,,,,,,,
F5H10,[H]C(C(NC(C(NC(C(NC(C(NC(C(NC(C(NC(C(NC(C(NC(C(NC(C(O)=O)CC1=CN=CN1)=O)CC2=CN=CN2)=O)CC3=CN=CN3)=O)CC4=CN=CN4)=O)([H])CC5=CN=CN5)=O)([H])CC6=CN=CN6)=O)([H])CC7=CN=CN7)=O)([H])CC8=CN=CN8)=O)([H])CC9=CN=CN9)=O)(N)CC%10=CN=CN%10,50,24,80283.312,68534.539,84199.578,,,,,,,,,,,,,,,
F5H10,[H]C(C(NC(C(NC(C(NC(C(NC(C(NC(C(NC(C(NC(C(NC(C(NC(C(O)=O)CC1=CN=CN1)=O)CC2=CN=CN2)=O)CC3=CN=CN3)=O)CC4=CN=CN4)=O)([H])CC5=CN=CN5)=O)([H])CC6=CN=CN6)=O)([H])CC7=CN=CN7)=O)([H])CC8=CN=CN8)=O)([H])CC9=CN=CN9)=O)(N)CC%10=CN=CN%10,100,24,68534.539,62660.148,68534.539,,,,,,,,,,,,,,,
H11,[H]C(CC1=CN=CN1)(C(NC(CC2=CN=CN2)(C(NC(CC3=CN=CN3)(C(NC(CC4=CN=CN4)(C(NC(CC5=CN=CN5)(C(NC(CC6=CN=CN6)(C(NC(CC7=CN=CN7)C(NC(CC8=CN=CN8)C(NC(CC9=CN=CN9)C(NC(CC%10=CN=CN%10)C(NC(CC%11=CN=CN%11)C(N)=O)=O)=O)=O)=O)=O)[H])=O)[H])=O)[H])=O)[H])=O)[H])=O)NC(C)=O,5,24,195812.97,152734.11,262389.38,,,,,,,,,,,,,,,
H11,[H]C(CC1=CN=CN1)(C(NC(CC2=CN=CN2)(C(NC(CC3=CN=CN3)(C(NC(CC4=CN=CN4)(C(NC(CC5=CN=CN5)(C(NC(CC6=CN=CN6)(C(NC(CC7=CN=CN7)C(NC(CC8=CN=CN8)C(NC(CC9=CN=CN9)C(NC(CC%10=CN=CN%10)C(NC(CC%11=CN=CN%11)C(N)=O)=O)=O)=O)=O)=O)[H])=O)[H])=O)[H])=O)[H])=O)[H])=O)NC(C)=O,10,24,217352.39,420997.88,315258.88,,,,,,,,,,,,,,,
H11,[H]C(CC1=CN=CN1)(C(NC(CC2=CN=CN2)(C(NC(CC3=CN=CN3)(C(NC(CC4=CN=CN4)(C(NC(CC5=CN=CN5)(C(NC(CC6=CN=CN6)(C(NC(CC7=CN=CN7)C(NC(CC8=CN=CN8)C(NC(CC9=CN=CN9)C(NC(CC%10=CN=CN%10)C(NC(CC%11=CN=CN%11)C(N)=O)=O)=O)=O)=O)=O)[H])=O)[H])=O)[H])=O)[H])=O)[H])=O)NC(C)=O,20,24,101822.74,133152.81,888990.88,,,,,,,,,,,,,,,
H11,[H]C(CC1=CN=CN1)(C(NC(CC2=CN=CN2)(C(NC(CC3=CN=CN3)(C(NC(CC4=CN=CN4)(C(NC(CC5=CN=CN5)(C(NC(CC6=CN=CN6)(C(NC(CC7=CN=CN7)C(NC(CC8=CN=CN8)C(NC(CC9=CN=CN9)C(NC(CC%10=CN=CN%10)C(NC(CC%11=CN=CN%11)C(N)=O)=O)=O)=O)=O)=O)[H])=O)[H])=O)[H])=O)[H])=O)[H])=O)NC(C)=O,50,24,168399.16,140985.33,426872.25,,,,,,,,,,,,,,,
H11,[H]C(CC1=CN=CN1)(C(NC(CC2=CN=CN2)(C(NC(CC3=CN=CN3)(C(NC(CC4=CN=CN4)(C(NC(CC5=CN=CN5)(C(NC(CC6=CN=CN6)(C(NC(CC7=CN=CN7)C(NC(CC8=CN=CN8)C(NC(CC9=CN=CN9)C(NC(CC%10=CN=CN%10)C(NC(CC%11=CN=CN%11)C(N)=O)=O)=O)=O)=O)=O)[H])=O)[H])=O)[H])=O)[H])=O)[H])=O)NC(C)=O,100,24,117487.78,74408.93,113571.52,,,,,,,,,,,,,,,
h12,[H]C(CC1=CN=CN1)(C(NC(CC2=CN=CN2)(C(NC(CC3=CN=CN3)(C(NC(CC4=CN=CN4)(C(NC(CC5=CN=CN5)(C(NC(CC6=CN=CN6)(C(NC(CC7=CN=CN7)C(NC(CC8=CN=CN8)C(NC(CC9=CN=CN9)C(NC(CC%10=CN=CN%10)C(NC(CC%11=CN=CN%11)C(NC(CC%12=CN=CN%12)C(N)=O)=O)=O)=O)=O)=O)=O)[H])=O)[H])=O)[H])=O)[H])=O)[H])=O)NC(C)=O,5,24,129236.55,68534.539,107697.13,,,,,,,,,,,,,,,
h12,[H]C(CC1=CN=CN1)(C(NC(CC2=CN=CN2)(C(NC(CC3=CN=CN3)(C(NC(CC4=CN=CN4)(C(NC(CC5=CN=CN5)(C(NC(CC6=CN=CN6)(C(NC(CC7=CN=CN7)C(NC(CC8=CN=CN8)C(NC(CC9=CN=CN9)C(NC(CC%10=CN=CN%10)C(NC(CC%11=CN=CN%11)C(NC(CC%12=CN=CN%12)C(N)=O)=O)=O)=O)=O)=O)=O)[H])=O)[H])=O)[H])=O)[H])=O)[H])=O)NC(C)=O,10,24,72450.797,68534.539,142943.47,,,,,,,,,,,,,,,
h12,[H]C(CC1=CN=CN1)(C(NC(CC2=CN=CN2)(C(NC(CC3=CN=CN3)(C(NC(CC4=CN=CN4)(C(NC(CC5=CN=CN5)(C(NC(CC6=CN=CN6)(C(NC(CC7=CN=CN7)C(NC(CC8=CN=CN8)C(NC(CC9=CN=CN9)C(NC(CC%10=CN=CN%10)C(NC(CC%11=CN=CN%11)C(NC(CC%12=CN=CN%12)C(N)=O)=O)=O)=O)=O)=O)=O)[H])=O)[H])=O)[H])=O)[H])=O)[H])=O)NC(C)=O,20,24,158608.5,72450.797,78325.188,,,,,,,,,,,,,,,
h12,[H]C(CC1=CN=CN1)(C(NC(CC2=CN=CN2)(C(NC(CC3=CN=CN3)(C(NC(CC4=CN=CN4)(C(NC(CC5=CN=CN5)(C(NC(CC6=CN=CN6)(C(NC(CC7=CN=CN7)C(NC(CC8=CN=CN8)C(NC(CC9=CN=CN9)C(NC(CC%10=CN=CN%10)C(NC(CC%11=CN=CN%11)C(NC(CC%12=CN=CN%12)C(N)=O)=O)=O)=O)=O)=O)=O)[H])=O)[H])=O)[H])=O)[H])=O)[H])=O)NC(C)=O,50,24,70492.664,58743.891,66576.406,,,,,,,,,,,,,,,
h12,[H]C(CC1=CN=CN1)(C(NC(CC2=CN=CN2)(C(NC(CC3=CN=CN3)(C(NC(CC4=CN=CN4)(C(NC(CC5=CN=CN5)(C(NC(CC6=CN=CN6)(C(NC(CC7=CN=CN7)C(NC(CC8=CN=CN8)C(NC(CC9=CN=CN9)C(NC(CC%10=CN=CN%10)C(NC(CC%11=CN=CN%11)C(NC(CC%12=CN=CN%12)C(N)=O)=O)=O)=O)=O)=O)=O)[H])=O)[H])=O)[H])=O)[H])=O)[H])=O)NC(C)=O,100,24,80283.312,62660.148,70492.664,,,,,,,,,,,,,,,
H13,[H]C(CC1=CN=CN1)(C(NC(CC2=CN=CN2)(C(NC(CC3=CN=CN3)(C(NC(CC4=CN=CN4)(C(NC(CC5=CN=CN5)(C(NC(CC6=CN=CN6)(C(NC(CC7=CN=CN7)C(NC(CC8=CN=CN8)C(NC(CC9=CN=CN9)C(NC(CC%10=CN=CN%10)C(NC(CC%11=CN=CN%11)C(NC(CC%12=CN=CN%12)C(NC(CC%13=CN=CN%13)C(N)=O)=O)=O)=O)=O)=O)=O)=O)[H])=O)[H])=O)[H])=O)[H])=O)[H])=O)NC(C)=O,5,24,84199.578,62660.148,78325.188,,,,,,,,,,,,,,,
h13,[H]C(CC1=CN=CN1)(C(NC(CC2=CN=CN2)(C(NC(CC3=CN=CN3)(C(NC(CC4=CN=CN4)(C(NC(CC5=CN=CN5)(C(NC(CC6=CN=CN6)(C(NC(CC7=CN=CN7)C(NC(CC8=CN=CN8)C(NC(CC9=CN=CN9)C(NC(CC%10=CN=CN%10)C(NC(CC%11=CN=CN%11)C(NC(CC%12=CN=CN%12)C(NC(CC%13=CN=CN%13)C(N)=O)=O)=O)=O)=O)=O)=O)=O)[H])=O)[H])=O)[H])=O)[H])=O)[H])=O)NC(C)=O,10,24,148817.86,137069.08,80283.312,,,,,,,,,,,,,,,
h13,[H]C(CC1=CN=CN1)(C(NC(CC2=CN=CN2)(C(NC(CC3=CN=CN3)(C(NC(CC4=CN=CN4)(C(NC(CC5=CN=CN5)(C(NC(CC6=CN=CN6)(C(NC(CC7=CN=CN7)C(NC(CC8=CN=CN8)C(NC(CC9=CN=CN9)C(NC(CC%10=CN=CN%10)C(NC(CC%11=CN=CN%11)C(NC(CC%12=CN=CN%12)C(NC(CC%13=CN=CN%13)C(N)=O)=O)=O)=O)=O)=O)=O)=O)[H])=O)[H])=O)[H])=O)[H])=O)[H])=O)NC(C)=O,20,24,76367.055,58743.891,78325.188,,,,,,,,,,,,,,,
h13,[H]C(CC1=CN=CN1)(C(NC(CC2=CN=CN2)(C(NC(CC3=CN=CN3)(C(NC(CC4=CN=CN4)(C(NC(CC5=CN=CN5)(C(NC(CC6=CN=CN6)(C(NC(CC7=CN=CN7)C(NC(CC8=CN=CN8)C(NC(CC9=CN=CN9)C(NC(CC%10=CN=CN%10)C(NC(CC%11=CN=CN%11)C(NC(CC%12=CN=CN%12)C(NC(CC%13=CN=CN%13)C(N)=O)=O)=O)=O)=O)=O)=O)=O)[H])=O)[H])=O)[H])=O)[H])=O)[H])=O)NC(C)=O,50,24,66576.406,74408.93,72450.797,,,,,,,,,,,,,,,
h13,[H]C(CC1=CN=CN1)(C(NC(CC2=CN=CN2)(C(NC(CC3=CN=CN3)(C(NC(CC4=CN=CN4)(C(NC(CC5=CN=CN5)(C(NC(CC6=CN=CN6)(C(NC(CC7=CN=CN7)C(NC(CC8=CN=CN8)C(NC(CC9=CN=CN9)C(NC(CC%10=CN=CN%10)C(NC(CC%11=CN=CN%11)C(NC(CC%12=CN=CN%12)C(NC(CC%13=CN=CN%13)C(N)=O)=O)=O)=O)=O)=O)=O)=O)[H])=O)[H])=O)[H])=O)[H])=O)[H])=O)NC(C)=O,100,24,74408.93,62660.148,74408.93,,,,,,,,,,,,,,,
h14,[H]C(CC1=CN=CN1)(C(NC(CC2=CN=CN2)(C(NC(CC3=CN=CN3)(C(NC(CC4=CN=CN4)(C(NC(CC5=CN=CN5)(C(NC(CC6=CN=CN6)(C(NC(CC7=CN=CN7)C(NC(CC8=CN=CN8)C(NC(CC9=CN=CN9)C(NC(CC%10=CN=CN%10)C(NC(CC%11=CN=CN%11)C(NC(CC%12=CN=CN%12)C(NC(CC%13=CN=CN%13)C(NC(CC%14=CN=CN%14)C(N)=O)=O)=O)=O)=O)=O)=O)=O)=O)[H])=O)[H])=O)[H])=O)[H])=O)[H])=O)NC(C)=O,5,24,95948.352,66576.406,78325.188,,,,,,,,,,,,,,,
h14,[H]C(CC1=CN=CN1)(C(NC(CC2=CN=CN2)(C(NC(CC3=CN=CN3)(C(NC(CC4=CN=CN4)(C(NC(CC5=CN=CN5)(C(NC(CC6=CN=CN6)(C(NC(CC7=CN=CN7)C(NC(CC8=CN=CN8)C(NC(CC9=CN=CN9)C(NC(CC%10=CN=CN%10)C(NC(CC%11=CN=CN%11)C(NC(CC%12=CN=CN%12)C(NC(CC%13=CN=CN%13)C(NC(CC%14=CN=CN%14)C(N)=O)=O)=O)=O)=O)=O)=O)=O)=O)[H])=O)[H])=O)[H])=O)[H])=O)[H])=O)NC(C)=O,10,24,650099.06,127278.43,311342.62,,,,,,,,,,,,,,,
h14,[H]C(CC1=CN=CN1)(C(NC(CC2=CN=CN2)(C(NC(CC3=CN=CN3)(C(NC(CC4=CN=CN4)(C(NC(CC5=CN=CN5)(C(NC(CC6=CN=CN6)(C(NC(CC7=CN=CN7)C(NC(CC8=CN=CN8)C(NC(CC9=CN=CN9)C(NC(CC%10=CN=CN%10)C(NC(CC%11=CN=CN%11)C(NC(CC%12=CN=CN%12)C(NC(CC%13=CN=CN%13)C(NC(CC%14=CN=CN%14)C(N)=O)=O)=O)=O)=O)=O)=O)=O)=O)[H])=O)[H])=O)[H])=O)[H])=O)[H])=O)NC(C)=O,20,24,82241.445,399458.44,84199.578,,,,,,,,,,,,,,,
h14,[H]C(CC1=CN=CN1)(C(NC(CC2=CN=CN2)(C(NC(CC3=CN=CN3)(C(NC(CC4=CN=CN4)(C(NC(CC5=CN=CN5)(C(NC(CC6=CN=CN6)(C(NC(CC7=CN=CN7)C(NC(CC8=CN=CN8)C(NC(CC9=CN=CN9)C(NC(CC%10=CN=CN%10)C(NC(CC%11=CN=CN%11)C(NC(CC%12=CN=CN%12)C(NC(CC%13=CN=CN%13)C(NC(CC%14=CN=CN%14)C(N)=O)=O)=O)=O)=O)=O)=O)=O)=O)[H])=O)[H])=O)[H])=O)[H])=O)[H])=O)NC(C)=O,50,24,66576.406,58743.891,70492.664,,,,,,,,,,,,,,,
h14,[H]C(CC1=CN=CN1)(C(NC(CC2=CN=CN2)(C(NC(CC3=CN=CN3)(C(NC(CC4=CN=CN4)(C(NC(CC5=CN=CN5)(C(NC(CC6=CN=CN6)(C(NC(CC7=CN=CN7)C(NC(CC8=CN=CN8)C(NC(CC9=CN=CN9)C(NC(CC%10=CN=CN%10)C(NC(CC%11=CN=CN%11)C(NC(CC%12=CN=CN%12)C(NC(CC%13=CN=CN%13)C(NC(CC%14=CN=CN%14)C(N)=O)=O)=O)=O)=O)=O)=O)=O)=O)[H])=O)[H])=O)[H])=O)[H])=O)[H])=O)NC(C)=O,100,24,82241.445,72450.797,197771.09,,,,,,,,,,,,,,,
H15,[H]C(CC1=CN=CN1)(C(NC(CC2=CN=CN2)(C(NC(CC3=CN=CN3)(C(NC(CC4=CN=CN4)(C(NC(CC5=CN=CN5)(C(NC(CC6=CN=CN6)(C(NC(CC7=CN=CN7)C(NC(CC8=CN=CN8)C(NC(CC9=CN=CN9)C(NC(CC%10=CN=CN%10)C(NC(CC%11=CN=CN%11)C(NC(CC%12=CN=CN%12)C(NC(CC%13=CN=CN%13)C(NC(CC%14=CN=CN%14)C(NC(CC%15=CN=CN%15)C(N)=O)=O)=O)=O)=O)=O)=O)=O)=O)=O)[H])=O)[H])=O)[H])=O)[H])=O)[H])=O)NC(C)=O,5,24,86157.703,70492.664,1392230.1,,,,,,,,,,,,,,,
H15,[H]C(CC1=CN=CN1)(C(NC(CC2=CN=CN2)(C(NC(CC3=CN=CN3)(C(NC(CC4=CN=CN4)(C(NC(CC5=CN=CN5)(C(NC(CC6=CN=CN6)(C(NC(CC7=CN=CN7)C(NC(CC8=CN=CN8)C(NC(CC9=CN=CN9)C(NC(CC%10=CN=CN%10)C(NC(CC%11=CN=CN%11)C(NC(CC%12=CN=CN%12)C(NC(CC%13=CN=CN%13)C(NC(CC%14=CN=CN%14)C(NC(CC%15=CN=CN%15)C(N)=O)=O)=O)=O)=O)=O)=O)=O)=O)=O)[H])=O)[H])=O)[H])=O)[H])=O)[H])=O)NC(C)=O,10,24,599187.69,66576.406,66576.406,,,,,,,,,,,,,,,
H15,[H]C(CC1=CN=CN1)(C(NC(CC2=CN=CN2)(C(NC(CC3=CN=CN3)(C(NC(CC4=CN=CN4)(C(NC(CC5=CN=CN5)(C(NC(CC6=CN=CN6)(C(NC(CC7=CN=CN7)C(NC(CC8=CN=CN8)C(NC(CC9=CN=CN9)C(NC(CC%10=CN=CN%10)C(NC(CC%11=CN=CN%11)C(NC(CC%12=CN=CN%12)C(NC(CC%13=CN=CN%13)C(NC(CC%14=CN=CN%14)C(NC(CC%15=CN=CN%15)C(N)=O)=O)=O)=O)=O)=O)=O)=O)=O)=O)[H])=O)[H])=O)[H])=O)[H])=O)[H])=O)NC(C)=O,20,24,82241.445,66576.406,78325.188,,,,,,,,,,,,,,,
H15,[H]C(CC1=CN=CN1)(C(NC(CC2=CN=CN2)(C(NC(CC3=CN=CN3)(C(NC(CC4=CN=CN4)(C(NC(CC5=CN=CN5)(C(NC(CC6=CN=CN6)(C(NC(CC7=CN=CN7)C(NC(CC8=CN=CN8)C(NC(CC9=CN=CN9)C(NC(CC%10=CN=CN%10)C(NC(CC%11=CN=CN%11)C(NC(CC%12=CN=CN%12)C(NC(CC%13=CN=CN%13)C(NC(CC%14=CN=CN%14)C(NC(CC%15=CN=CN%15)C(N)=O)=O)=O)=O)=O)=O)=O)=O)=O)=O)[H])=O)[H])=O)[H])=O)[H])=O)[H])=O)NC(C)=O,50,24,84199.578,64618.277,70492.664,,,,,,,,,,,,,,,
H15,[H]C(CC1=CN=CN1)(C(NC(CC2=CN=CN2)(C(NC(CC3=CN=CN3)(C(NC(CC4=CN=CN4)(C(NC(CC5=CN=CN5)(C(NC(CC6=CN=CN6)(C(NC(CC7=CN=CN7)C(NC(CC8=CN=CN8)C(NC(CC9=CN=CN9)C(NC(CC%10=CN=CN%10)C(NC(CC%11=CN=CN%11)C(NC(CC%12=CN=CN%12)C(NC(CC%13=CN=CN%13)C(NC(CC%14=CN=CN%14)C(NC(CC%15=CN=CN%15)C(N)=O)=O)=O)=O)=O)=O)=O)=O)=O)=O)[H])=O)[H])=O)[H])=O)[H])=O)[H])=O)NC(C)=O,100,24,66576.406,76367.055,80283.312,,,,,,,,,,,,,,,
h16,[H]C(CC1=CN=CN1)(C(NC(CC2=CN=CN2)(C(NC(CC3=CN=CN3)(C(NC(CC4=CN=CN4)(C(NC(CC5=CN=CN5)(C(NC(CC6=CN=CN6)(C(NC(CC7=CN=CN7)C(NC(CC8=CN=CN8)C(NC(CC9=CN=CN9)C(NC(CC%10=CN=CN%10)C(NC(CC%11=CN=CN%11)C(NC(CC%12=CN=CN%12)C(NC(CC%13=CN=CN%13)C(NC(CC%14=CN=CN%14)C(NC(CC%15=CN=CN%15)C(NC(CC%16=CN=CN%16)C(N)=O)=O)=O)=O)=O)=O)=O)=O)=O)=O)=O)[H])=O)[H])=O)[H])=O)[H])=O)[H])=O)NC(C)=O,5,24,532611.25,176231.67,358337.72,,,,,,,,,,,,,,,
h16,[H]C(CC1=CN=CN1)(C(NC(CC2=CN=CN2)(C(NC(CC3=CN=CN3)(C(NC(CC4=CN=CN4)(C(NC(CC5=CN=CN5)(C(NC(CC6=CN=CN6)(C(NC(CC7=CN=CN7)C(NC(CC8=CN=CN8)C(NC(CC9=CN=CN9)C(NC(CC%10=CN=CN%10)C(NC(CC%11=CN=CN%11)C(NC(CC%12=CN=CN%12)C(NC(CC%13=CN=CN%13)C(NC(CC%14=CN=CN%14)C(NC(CC%15=CN=CN%15)C(NC(CC%16=CN=CN%16)C(N)=O)=O)=O)=O)=O)=O)=O)=O)=O)=O)=O)[H])=O)[H])=O)[H])=O)[H])=O)[H])=O)NC(C)=O,10,24,258473.11,76367.055,70492.664,,,,,,,,,,,,,,,
h16,[H]C(CC1=CN=CN1)(C(NC(CC2=CN=CN2)(C(NC(CC3=CN=CN3)(C(NC(CC4=CN=CN4)(C(NC(CC5=CN=CN5)(C(NC(CC6=CN=CN6)(C(NC(CC7=CN=CN7)C(NC(CC8=CN=CN8)C(NC(CC9=CN=CN9)C(NC(CC%10=CN=CN%10)C(NC(CC%11=CN=CN%11)C(NC(CC%12=CN=CN%12)C(NC(CC%13=CN=CN%13)C(NC(CC%14=CN=CN%14)C(NC(CC%15=CN=CN%15)C(NC(CC%16=CN=CN%16)C(N)=O)=O)=O)=O)=O)=O)=O)=O)=O)=O)=O)[H])=O)[H])=O)[H])=O)[H])=O)[H])=O)NC(C)=O,20,24,152734.11,54827.629,80283.312,,,,,,,,,,,,,,,
h24,[H]C(CC1=CN=CN1)(C(NC(CC2=CN=CN2)(C(NC(CC3=CN=CN3)(C(NC(CC4=CN=CN4)(C(NC(CC5=CN=CN5)(C(NC(CC6=CN=CN6)(C(NC(CC7=CN=CN7)C(NC(CC8=CN=CN8)C(NC(CC9=CN=CN9)C(NC(CC%10=CN=CN%10)C(NC(CC%11=CN=CN%11)C(NC(CC%12=CN=CN%12)C(NC(CC%13=CN=CN%13)C(NC(CC%14=CN=CN%14)C(NC(CC%15=CN=CN%15)C(NC(CC%16=CN=CN%16)C(NC(CC%17=CN=CN%17)C(NC(CC%18=CN=CN%18)C(NC(CC%19=CN=CN%19)C(NC(CC%20=CN=CN%20)C(NC(CC%21=CN=CN%21)C(NC(CC%22=CN=CN%22)C(NC(CC%23=CN=CN%23)C(NC(CC%24=CN=CN%24)C(N)=O)=O)=O)=O)=O)=O)=O)=O)=O)=O)=O)=O)=O)=O)=O)=O)=O)=O)=O)[H])=O)[H])=O)[H])=O)[H])=O)[H])=O)NC(C)=O,2.5,24,66576.406,60702.02,76367.055,,,,,,,,,,,,,,,
h24,[H]C(CC1=CN=CN1)(C(NC(CC2=CN=CN2)(C(NC(CC3=CN=CN3)(C(NC(CC4=CN=CN4)(C(NC(CC5=CN=CN5)(C(NC(CC6=CN=CN6)(C(NC(CC7=CN=CN7)C(NC(CC8=CN=CN8)C(NC(CC9=CN=CN9)C(NC(CC%10=CN=CN%10)C(NC(CC%11=CN=CN%11)C(NC(CC%12=CN=CN%12)C(NC(CC%13=CN=CN%13)C(NC(CC%14=CN=CN%14)C(NC(CC%15=CN=CN%15)C(NC(CC%16=CN=CN%16)C(NC(CC%17=CN=CN%17)C(NC(CC%18=CN=CN%18)C(NC(CC%19=CN=CN%19)C(NC(CC%20=CN=CN%20)C(NC(CC%21=CN=CN%21)C(NC(CC%22=CN=CN%22)C(NC(CC%23=CN=CN%23)C(NC(CC%24=CN=CN%24)C(N)=O)=O)=O)=O)=O)=O)=O)=O)=O)=O)=O)=O)=O)=O)=O)=O)=O)=O)=O)[H])=O)[H])=O)[H])=O)[H])=O)[H])=O)NC(C)=O,5,24,64618.277,58743.891,72450.797,,,,,,,,,,,,,,,
h24,[H]C(CC1=CN=CN1)(C(NC(CC2=CN=CN2)(C(NC(CC3=CN=CN3)(C(NC(CC4=CN=CN4)(C(NC(CC5=CN=CN5)(C(NC(CC6=CN=CN6)(C(NC(CC7=CN=CN7)C(NC(CC8=CN=CN8)C(NC(CC9=CN=CN9)C(NC(CC%10=CN=CN%10)C(NC(CC%11=CN=CN%11)C(NC(CC%12=CN=CN%12)C(NC(CC%13=CN=CN%13)C(NC(CC%14=CN=CN%14)C(NC(CC%15=CN=CN%15)C(NC(CC%16=CN=CN%16)C(NC(CC%17=CN=CN%17)C(NC(CC%18=CN=CN%18)C(NC(CC%19=CN=CN%19)C(NC(CC%20=CN=CN%20)C(NC(CC%21=CN=CN%21)C(NC(CC%22=CN=CN%22)C(NC(CC%23=CN=CN%23)C(NC(CC%24=CN=CN%24)C(N)=O)=O)=O)=O)=O)=O)=O)=O)=O)=O)=O)=O)=O)=O)=O)=O)=O)=O)=O)[H])=O)[H])=O)[H])=O)[H])=O)[H])=O)NC(C)=O,10,24,72450.797,62660.148,82241.445,,,,,,,,,,,,,,,
h24,[H]C(CC1=CN=CN1)(C(NC(CC2=CN=CN2)(C(NC(CC3=CN=CN3)(C(NC(CC4=CN=CN4)(C(NC(CC5=CN=CN5)(C(NC(CC6=CN=CN6)(C(NC(CC7=CN=CN7)C(NC(CC8=CN=CN8)C(NC(CC9=CN=CN9)C(NC(CC%10=CN=CN%10)C(NC(CC%11=CN=CN%11)C(NC(CC%12=CN=CN%12)C(NC(CC%13=CN=CN%13)C(NC(CC%14=CN=CN%14)C(NC(CC%15=CN=CN%15)C(NC(CC%16=CN=CN%16)C(NC(CC%17=CN=CN%17)C(NC(CC%18=CN=CN%18)C(NC(CC%19=CN=CN%19)C(NC(CC%20=CN=CN%20)C(NC(CC%21=CN=CN%21)C(NC(CC%22=CN=CN%22)C(NC(CC%23=CN=CN%23)C(NC(CC%24=CN=CN%24)C(N)=O)=O)=O)=O)=O)=O)=O)=O)=O)=O)=O)=O)=O)=O)=O)=O)=O)=O)=O)[H])=O)[H])=O)[H])=O)[H])=O)[H])=O)NC(C)=O,20,24,82241.445,66576.406,76367.055,,,,,,,,,,,,,,,
h32,[H]C(CC1=CN=CN1)(C(NC(CC2=CN=CN2)(C(NC(CC3=CN=CN3)(C(NC(CC4=CN=CN4)(C(NC(CC5=CN=CN5)(C(NC(CC6=CN=CN6)(C(NC(CC7=CN=CN7)C(NC(CC8=CN=CN8)C(NC(CC9=CN=CN9)C(NC(CC%10=CN=CN%10)C(NC(CC%11=CN=CN%11)C(NC(CC%12=CN=CN%12)C(NC(CC%13=CN=CN%13)C(NC(CC%14=CN=CN%14)C(NC(CC%15=CN=CN%15)C(NC(CC%16=CN=CN%16)C(NC(CC%17=CN=CN%17)C(NC(CC%18=CN=CN%18)C(NC(CC%19=CN=CN%19)C(NC(CC%20=CN=CN%20)C(NC(CC%21=CN=CN%21)C(NC(CC%22=CN=CN%22)C(NC(CC%23=CN=CN%23)C(NC(CC%24=CN=CN%24)C(NC(CC%25=CN=CN%25)C(NC(CC%26=CN=CN%26)C(NC(CC%27=CN=CN%27)C(NC(CC%28=CN=CN%28)C(NC(CC%29=CN=CN%29)C(NC(CC%30=CN=CN%30)C(NC(CC%31=CN=CN%31)C(NC(CC%32=CN=CN%32)C(N)=O)=O)=O)=O)=O)=O)=O)=O)=O)=O)=O)=O)=O)=O)=O)=O)=O)=O)=O)=O)=O)=O)=O)=O)=O)=O)=O)[H])=O)[H])=O)[H])=O)[H])=O)[H])=O)NC(C)=O,2.5,24,72450.797,64618.277,123362.16,,,,,,,,,,,,,,,
h32,[H]C(CC1=CN=CN1)(C(NC(CC2=CN=CN2)(C(NC(CC3=CN=CN3)(C(NC(CC4=CN=CN4)(C(NC(CC5=CN=CN5)(C(NC(CC6=CN=CN6)(C(NC(CC7=CN=CN7)C(NC(CC8=CN=CN8)C(NC(CC9=CN=CN9)C(NC(CC%10=CN=CN%10)C(NC(CC%11=CN=CN%11)C(NC(CC%12=CN=CN%12)C(NC(CC%13=CN=CN%13)C(NC(CC%14=CN=CN%14)C(NC(CC%15=CN=CN%15)C(NC(CC%16=CN=CN%16)C(NC(CC%17=CN=CN%17)C(NC(CC%18=CN=CN%18)C(NC(CC%19=CN=CN%19)C(NC(CC%20=CN=CN%20)C(NC(CC%21=CN=CN%21)C(NC(CC%22=CN=CN%22)C(NC(CC%23=CN=CN%23)C(NC(CC%24=CN=CN%24)C(NC(CC%25=CN=CN%25)C(NC(CC%26=CN=CN%26)C(NC(CC%27=CN=CN%27)C(NC(CC%28=CN=CN%28)C(NC(CC%29=CN=CN%29)C(NC(CC%30=CN=CN%30)C(NC(CC%31=CN=CN%31)C(NC(CC%32=CN=CN%32)C(N)=O)=O)=O)=O)=O)=O)=O)=O)=O)=O)=O)=O)=O)=O)=O)=O)=O)=O)=O)=O)=O)=O)=O)=O)=O)=O)=O)[H])=O)[H])=O)[H])=O)[H])=O)[H])=O)NC(C)=O,5,24,82241.445,66576.406,82241.445,,,,,,,,,,,,,,,
h32,[H]C(CC1=CN=CN1)(C(NC(CC2=CN=CN2)(C(NC(CC3=CN=CN3)(C(NC(CC4=CN=CN4)(C(NC(CC5=CN=CN5)(C(NC(CC6=CN=CN6)(C(NC(CC7=CN=CN7)C(NC(CC8=CN=CN8)C(NC(CC9=CN=CN9)C(NC(CC%10=CN=CN%10)C(NC(CC%11=CN=CN%11)C(NC(CC%12=CN=CN%12)C(NC(CC%13=CN=CN%13)C(NC(CC%14=CN=CN%14)C(NC(CC%15=CN=CN%15)C(NC(CC%16=CN=CN%16)C(NC(CC%17=CN=CN%17)C(NC(CC%18=CN=CN%18)C(NC(CC%19=CN=CN%19)C(NC(CC%20=CN=CN%20)C(NC(CC%21=CN=CN%21)C(NC(CC%22=CN=CN%22)C(NC(CC%23=CN=CN%23)C(NC(CC%24=CN=CN%24)C(NC(CC%25=CN=CN%25)C(NC(CC%26=CN=CN%26)C(NC(CC%27=CN=CN%27)C(NC(CC%28=CN=CN%28)C(NC(CC%29=CN=CN%29)C(NC(CC%30=CN=CN%30)C(NC(CC%31=CN=CN%31)C(NC(CC%32=CN=CN%32)C(N)=O)=O)=O)=O)=O)=O)=O)=O)=O)=O)=O)=O)=O)=O)=O)=O)=O)=O)=O)=O)=O)=O)=O)=O)=O)=O)=O)[H])=O)[H])=O)[H])=O)[H])=O)[H])=O)NC(C)=O,10,24,70492.664,64618.277,72450.797,,,,,,,,,,,,,,,
h32,[H]C(CC1=CN=CN1)(C(NC(CC2=CN=CN2)(C(NC(CC3=CN=CN3)(C(NC(CC4=CN=CN4)(C(NC(CC5=CN=CN5)(C(NC(CC6=CN=CN6)(C(NC(CC7=CN=CN7)C(NC(CC8=CN=CN8)C(NC(CC9=CN=CN9)C(NC(CC%10=CN=CN%10)C(NC(CC%11=CN=CN%11)C(NC(CC%12=CN=CN%12)C(NC(CC%13=CN=CN%13)C(NC(CC%14=CN=CN%14)C(NC(CC%15=CN=CN%15)C(NC(CC%16=CN=CN%16)C(NC(CC%17=CN=CN%17)C(NC(CC%18=CN=CN%18)C(NC(CC%19=CN=CN%19)C(NC(CC%20=CN=CN%20)C(NC(CC%21=CN=CN%21)C(NC(CC%22=CN=CN%22)C(NC(CC%23=CN=CN%23)C(NC(CC%24=CN=CN%24)C(NC(CC%25=CN=CN%25)C(NC(CC%26=CN=CN%26)C(NC(CC%27=CN=CN%27)C(NC(CC%28=CN=CN%28)C(NC(CC%29=CN=CN%29)C(NC(CC%30=CN=CN%30)C(NC(CC%31=CN=CN%31)C(NC(CC%32=CN=CN%32)C(N)=O)=O)=O)=O)=O)=O)=O)=O)=O)=O)=O)=O)=O)=O)=O)=O)=O)=O)=O)=O)=O)=O)=O)=O)=O)=O)=O)[H])=O)[H])=O)[H])=O)[H])=O)[H])=O)NC(C)=O,20,24,74408.93,74408.93,78325.188,,,,,,,,,,,,,,,
h40,[H]C(CC1=CN=CN1)(C(NC(CC2=CN=CN2)(C(NC(CC3=CN=CN3)(C(NC(CC4=CN=CN4)(C(NC(CC5=CN=CN5)(C(NC(CC6=CN=CN6)(C(NC(CC7=CN=CN7)C(NC(CC8=CN=CN8)C(NC(CC9=CN=CN9)C(NC(CC%10=CN=CN%10)C(NC(CC%11=CN=CN%11)C(NC(CC%12=CN=CN%12)C(NC(CC%13=CN=CN%13)C(NC(CC%14=CN=CN%14)C(NC(CC%15=CN=CN%15)C(NC(CC%16=CN=CN%16)C(NC(CC%17=CN=CN%17)C(NC(CC%18=CN=CN%18)C(NC(CC%19=CN=CN%19)C(NC(CC%20=CN=CN%20)C(NC(CC%21=CN=CN%21)C(NC(CC%22=CN=CN%22)C(NC(CC%23=CN=CN%23)C(NC(CC%24=CN=CN%24)C(NC(CC%25=CN=CN%25)C(NC(CC%26=CN=CN%26)C(NC(CC%27=CN=CN%27)C(NC(CC%28=CN=CN%28)C(NC(CC%29=CN=CN%29)C(NC(CC%30=CN=CN%30)C(NC(CC%31=CN=CN%31)C(NC(CC%32=CN=CN%32)C(NC(CC%33=CN=CN%33)C(NC(CC%34=CN=CN%34)C(NC(CC%35=CN=CN%35)C(NC(CC%36=CN=CN%36)C(NC(CC%37=CN=CN%37)C(NC(CC%38=CN=CN%38)C(NC(CC%39=CN=CN%39)C(NC(CC%40=CN=CN%40)C(N)=O)=O)=O)=O)=O)=O)=O)=O)=O)=O)=O)=O)=O)=O)=O)=O)=O)=O)=O)=O)=O)=O)=O)=O)=O)=O)=O)=O)=O)=O)=O)=O)=O)=O)=O)[H])=O)[H])=O)[H])=O)[H])=O)[H])=O)NC(C)=O,2.5,24,70492.664,62660.148,78325.188,,,,,,,,,,,,,,,
h40,[H]C(CC1=CN=CN1)(C(NC(CC2=CN=CN2)(C(NC(CC3=CN=CN3)(C(NC(CC4=CN=CN4)(C(NC(CC5=CN=CN5)(C(NC(CC6=CN=CN6)(C(NC(CC7=CN=CN7)C(NC(CC8=CN=CN8)C(NC(CC9=CN=CN9)C(NC(CC%10=CN=CN%10)C(NC(CC%11=CN=CN%11)C(NC(CC%12=CN=CN%12)C(NC(CC%13=CN=CN%13)C(NC(CC%14=CN=CN%14)C(NC(CC%15=CN=CN%15)C(NC(CC%16=CN=CN%16)C(NC(CC%17=CN=CN%17)C(NC(CC%18=CN=CN%18)C(NC(CC%19=CN=CN%19)C(NC(CC%20=CN=CN%20)C(NC(CC%21=CN=CN%21)C(NC(CC%22=CN=CN%22)C(NC(CC%23=CN=CN%23)C(NC(CC%24=CN=CN%24)C(NC(CC%25=CN=CN%25)C(NC(CC%26=CN=CN%26)C(NC(CC%27=CN=CN%27)C(NC(CC%28=CN=CN%28)C(NC(CC%29=CN=CN%29)C(NC(CC%30=CN=CN%30)C(NC(CC%31=CN=CN%31)C(NC(CC%32=CN=CN%32)C(NC(CC%33=CN=CN%33)C(NC(CC%34=CN=CN%34)C(NC(CC%35=CN=CN%35)C(NC(CC%36=CN=CN%36)C(NC(CC%37=CN=CN%37)C(NC(CC%38=CN=CN%38)C(NC(CC%39=CN=CN%39)C(NC(CC%40=CN=CN%40)C(N)=O)=O)=O)=O)=O)=O)=O)=O)=O)=O)=O)=O)=O)=O)=O)=O)=O)=O)=O)=O)=O)=O)=O)=O)=O)=O)=O)=O)=O)=O)=O)=O)=O)=O)=O)[H])=O)[H])=O)[H])=O)[H])=O)[H])=O)NC(C)=O,5,24,68534.539,70492.664,88115.836,,,,,,,,,,,,,,,
h40,[H]C(CC1=CN=CN1)(C(NC(CC2=CN=CN2)(C(NC(CC3=CN=CN3)(C(NC(CC4=CN=CN4)(C(NC(CC5=CN=CN5)(C(NC(CC6=CN=CN6)(C(NC(CC7=CN=CN7)C(NC(CC8=CN=CN8)C(NC(CC9=CN=CN9)C(NC(CC%10=CN=CN%10)C(NC(CC%11=CN=CN%11)C(NC(CC%12=CN=CN%12)C(NC(CC%13=CN=CN%13)C(NC(CC%14=CN=CN%14)C(NC(CC%15=CN=CN%15)C(NC(CC%16=CN=CN%16)C(NC(CC%17=CN=CN%17)C(NC(CC%18=CN=CN%18)C(NC(CC%19=CN=CN%19)C(NC(CC%20=CN=CN%20)C(NC(CC%21=CN=CN%21)C(NC(CC%22=CN=CN%22)C(NC(CC%23=CN=CN%23)C(NC(CC%24=CN=CN%24)C(NC(CC%25=CN=CN%25)C(NC(CC%26=CN=CN%26)C(NC(CC%27=CN=CN%27)C(NC(CC%28=CN=CN%28)C(NC(CC%29=CN=CN%29)C(NC(CC%30=CN=CN%30)C(NC(CC%31=CN=CN%31)C(NC(CC%32=CN=CN%32)C(NC(CC%33=CN=CN%33)C(NC(CC%34=CN=CN%34)C(NC(CC%35=CN=CN%35)C(NC(CC%36=CN=CN%36)C(NC(CC%37=CN=CN%37)C(NC(CC%38=CN=CN%38)C(NC(CC%39=CN=CN%39)C(NC(CC%40=CN=CN%40)C(N)=O)=O)=O)=O)=O)=O)=O)=O)=O)=O)=O)=O)=O)=O)=O)=O)=O)=O)=O)=O)=O)=O)=O)=O)=O)=O)=O)=O)=O)=O)=O)=O)=O)=O)=O)[H])=O)[H])=O)[H])=O)[H])=O)[H])=O)NC(C)=O,10,24,70492.664,62660.148,78325.188,,,,,,,,,,,,,,,
h40,[H]C(CC1=CN=CN1)(C(NC(CC2=CN=CN2)(C(NC(CC3=CN=CN3)(C(NC(CC4=CN=CN4)(C(NC(CC5=CN=CN5)(C(NC(CC6=CN=CN6)(C(NC(CC7=CN=CN7)C(NC(CC8=CN=CN8)C(NC(CC9=CN=CN9)C(NC(CC%10=CN=CN%10)C(NC(CC%11=CN=CN%11)C(NC(CC%12=CN=CN%12)C(NC(CC%13=CN=CN%13)C(NC(CC%14=CN=CN%14)C(NC(CC%15=CN=CN%15)C(NC(CC%16=CN=CN%16)C(NC(CC%17=CN=CN%17)C(NC(CC%18=CN=CN%18)C(NC(CC%19=CN=CN%19)C(NC(CC%20=CN=CN%20)C(NC(CC%21=CN=CN%21)C(NC(CC%22=CN=CN%22)C(NC(CC%23=CN=CN%23)C(NC(CC%24=CN=CN%24)C(NC(CC%25=CN=CN%25)C(NC(CC%26=CN=CN%26)C(NC(CC%27=CN=CN%27)C(NC(CC%28=CN=CN%28)C(NC(CC%29=CN=CN%29)C(NC(CC%30=CN=CN%30)C(NC(CC%31=CN=CN%31)C(NC(CC%32=CN=CN%32)C(NC(CC%33=CN=CN%33)C(NC(CC%34=CN=CN%34)C(NC(CC%35=CN=CN%35)C(NC(CC%36=CN=CN%36)C(NC(CC%37=CN=CN%37)C(NC(CC%38=CN=CN%38)C(NC(CC%39=CN=CN%39)C(NC(CC%40=CN=CN%40)C(N)=O)=O)=O)=O)=O)=O)=O)=O)=O)=O)=O)=O)=O)=O)=O)=O)=O)=O)=O)=O)=O)=O)=O)=O)=O)=O)=O)=O)=O)=O)=O)=O)=O)=O)=O)[H])=O)[H])=O)[H])=O)[H])=O)[H])=O)NC(C)=O,20,24,72450.797,60702.02,76367.055,,,,,,,,,,,,,,,